,,players_used,MP,Starts,Min,90s,GA,GA90,SoTA,Saves,Save%,W,D,L,CS,CS%,GPKatt,PKA,PKsv,PKm,PKSave%,PSxG,PSxG/SoT,PSxG+/-,/90,Gls,Sh,SoT,SoT%,Sh/90,SoT/90,G/Sh,G/SoT,Dist,FK,PK,PKatt,xG,npxG,npxG/Sh,G-xG,np:G-xG,Total Cmp,Total Att,Total Cmp%,Total TotDist,Total PrgDist,Short Cmp,Short Att,Short Cmp%,Medium Cmp,Medium Att,Medium Cmp%,Long Cmp,Long Att,Long Cmp%,Ast,xAG,xA,A-xAG,KP,P1/3,PPA,CrsPA,PrgP,PAtt,PLive,Dead,PFK,TB,Sw,Crs,TI,CK,In,Out,Str,Cmp,Off,Blocks,SCA,SCA90,SCA PassLive,SCA PassDead,SCA TO,SCA Sh,SCA Fld,SCA Def,GCA,GCA90,GCA PassLive,GCA PassDead,GCA TO,GCA Sh,GCA Fld,GCA Def,Tackles Tkl,Tackles TklW,Tackles Def 3rd,Tackles Mid 3rd,Tackles Att 3rd,Challenges Tkl,Challenges Att,Challenges Tkl%,Challenges Lost,Blocks Blocks,Blocks Sh,Blocks Pass,Int,Tkl+Int,Clr,Err,Poss,Touches,Def Pen,Def 3rd,Mid 3rd,Att 3rd,Att Pen,Live,Att,Succ,Succ%,Tkld,Tkld%,Carries,TotDist,PrgDist,PrgC,1/3,CPA,Mis,Dis,Rec,PrgR,CrdY,CrdR,2CrdY,Fls,Fld,TklW,PKwon,PKcon,OG,Recov,Won,Lost,Won%,opp_players_used,opp_90s,opp_Gls,opp_Sh,opp_SoT,opp_SoT%,opp_Sh/90,opp_SoT/90,opp_G/Sh,opp_G/SoT,opp_Dist,opp_FK,opp_PK,opp_PKatt,opp_xG,opp_npxG,opp_npxG/Sh,opp_G-xG,opp_np:G-xG,opp_Total Cmp,opp_Total Att,opp_Total Cmp%,opp_Total TotDist,opp_Total PrgDist,opp_Short Cmp,opp_Short Att,opp_Short Cmp%,opp_Medium Cmp,opp_Medium Att,opp_Medium Cmp%,opp_Long Cmp,opp_Long Att,opp_Long Cmp%,opp_Ast,opp_xAG,opp_xA,opp_A-xAG,opp_KP,opp_P1/3,opp_PPA,opp_CrsPA,opp_PrgP,opp_Cmp,opp_PAtt,opp_Cmp%,opp_TotDist,opp_PrgDist,opp_1/3,opp_Poss,opp_Touches,opp_Def Pen,opp_Def 3rd,opp_Mid 3rd,opp_Att 3rd,opp_Att Pen,opp_Live,opp_Att,opp_Succ,opp_Succ%,opp_Tkld,opp_Tkld%,opp_Carries,opp_PrgC,opp_CPA,opp_Mis,opp_Dis,opp_Rec,opp_PrgR
1819,Arsenal,2,38,38,3420,38,51,1.34,182,132,75.8,21,7,10,8,21.1,7,7,0,0,0.0,53.5,0.26,3.5,0.09,69,462,159,34.4,12.16,4.18,0.14,0.41,16.7,11,4,5,60.1,56.0,0.12,8.9,9.0,18425,22549,81.7,313400,105044,8573,9619,89.1,7384,8450,87.4,1716,2882,59.5,52,46.7,43.9,5.3,363,1220,417,63,1874,22549,20518,1942,543,65,152,605,823,209,59,65,2,18425,89,453,831,21.87,655,58,50,34,22,12,116,3.05,91,6,5,6,7,1,609,366,294,236,79,228,535,42.6,307,424,118,306,412,1021,798,28,58.1,26670,2457,7996,12381,6492,984,26665,536,304,56.7,232,43.3,14889,82855,44451,868,591,203,564,409,18303,1869,73,2,1,412,455,366,4,7,1,2000,555,637,46.6,28,38,50,492,175,35.6,12.95,4.61,0.09,0.25,18.4,18,7,7,54.2,48.7,0.1,-4.2,-5.7,12313,16319,75.5,218281,85800,5823,6698,86.9,4500,5597,80.4,1500,2840,52.8,32,36.8,31.7,-4.8,367,973,288,65,1279,12313,16319,75.5,218281,85800,973,41.9,20743,2232,6287,9435,5238,832,20736,537,307,57.2,228,42.5,10744,683,184,551,380,12212,1265
1819,Bournemouth,3,38,38,3420,38,70,1.84,173,106,62.4,13,6,19,10,26.3,5,5,0,0,0.0,55.2,0.3,-11.8,-0.31,55,437,153,35.0,11.5,4.03,0.11,0.31,17.4,16,7,9,53.3,46.2,0.11,1.7,1.8,13505,17650,76.5,231203,91075,6643,7752,85.7,5284,6436,82.1,1261,2489,50.7,43,38.8,34.0,4.2,330,979,330,76,1435,17650,15632,1961,512,57,84,613,832,191,74,58,2,13505,57,435,788,20.74,558,83,46,39,47,15,99,2.61,64,9,8,6,9,3,525,299,285,185,55,216,494,43.7,278,405,152,253,371,896,1098,21,46.9,22079,2437,7561,9507,5257,847,22071,578,291,50.3,287,49.7,13210,69260,36536,738,532,172,565,356,13405,1422,60,1,0,340,441,299,8,5,3,1910,701,736,48.8,28,38,67,516,168,32.6,13.58,4.42,0.12,0.37,17.9,18,5,5,57.2,53.2,0.11,9.8,8.8,16091,20430,78.8,277973,97717,7637,8629,88.5,6097,7231,84.3,1709,3238,52.8,48,39.0,36.3,9.0,385,1267,350,74,1675,16091,20430,78.8,277973,97717,1267,53.1,24695,2164,6511,11786,6614,916,24690,494,278,56.3,216,43.7,13627,741,203,551,309,15971,1652
1819,Brighton,2,38,38,3420,38,60,1.58,170,110,70.6,9,9,20,7,18.4,10,10,0,0,0.0,55.9,0.28,-4.1,-0.11,35,364,99,27.2,9.58,2.61,0.08,0.3,17.9,12,5,6,35.3,30.7,0.09,-0.3,-0.7,11491,15824,72.6,217603,86066,5120,6084,84.2,4413,5549,79.5,1639,3202,51.2,24,24.5,23.1,-0.5,281,887,223,81,1150,15824,13912,1822,330,15,188,636,880,156,90,44,4,11491,90,342,647,17.03,427,87,40,35,45,13,55,1.45,29,9,1,7,8,1,679,391,363,238,78,264,582,45.4,318,415,170,245,463,1142,1001,17,42.4,20254,2464,7030,9055,4366,581,20249,516,269,52.1,247,47.9,10122,54122,26537,475,374,98,590,336,11393,1138,61,4,1,463,301,391,5,10,0,1979,824,780,51.4,21,38,60,573,160,27.9,15.08,4.21,0.09,0.31,18.1,27,10,10,59.1,51.4,0.09,0.9,-1.4,17677,21902,80.7,291899,97168,8772,9872,88.9,6753,7880,85.7,1482,2868,51.7,39,38.7,38.7,0.3,426,1316,370,74,1830,17677,21902,80.7,291899,97168,1316,57.6,26121,1782,6315,12989,7048,973,26111,582,318,54.6,264,45.4,14786,845,196,548,415,17547,1815
1819,Burnley,2,38,38,3420,38,68,1.79,199,134,66.8,11,7,20,8,21.1,3,2,1,0,33.3,58.0,0.28,-6.0,-0.16,43,358,112,31.3,9.42,2.95,0.11,0.37,15.8,14,2,2,44.4,42.8,0.12,-1.4,-1.8,10134,14793,68.5,194079,85014,4537,5520,82.2,3643,4790,76.1,1595,3463,46.1,32,31.2,27.6,0.8,254,879,239,82,1032,14793,12804,1883,395,35,108,692,891,139,98,22,9,10134,106,327,624,16.42,417,81,14,55,52,5,69,1.82,45,8,0,13,3,0,584,311,280,246,58,237,539,44.0,302,516,222,294,367,951,1156,19,41.2,19189,2542,6104,8875,4395,634,19186,370,207,55.9,163,44.1,7936,43013,21370,421,336,72,525,314,10031,1020,75,1,0,360,356,311,1,3,4,1955,1016,1025,49.8,23,38,64,650,196,30.2,17.11,5.16,0.1,0.32,17.9,13,2,3,62.1,59.7,0.09,1.9,2.3,16631,21331,78.0,287084,101192,7841,8946,87.6,6394,7673,83.3,1753,3363,52.1,43,45.2,41.7,-2.2,503,1187,385,103,1721,16631,21331,78.0,287084,101192,1187,58.8,25526,2181,7421,11647,6656,1065,25523,539,302,56.0,237,44.0,14231,917,247,548,347,16502,1710
1819,Cardiff City,1,38,38,3420,38,69,1.82,207,135,68.6,10,4,24,10,26.3,7,4,3,0,42.9,68.2,0.3,-0.8,-0.02,33,413,113,27.4,10.87,2.97,0.07,0.27,17.7,13,3,4,42.4,39.2,0.1,-9.4,-9.2,7170,11715,61.2,138500,66941,3143,4097,76.7,2540,3622,70.1,1160,2987,38.8,20,27.6,25.4,-7.6,294,768,175,57,918,11715,9823,1815,423,39,60,562,799,168,102,35,19,7170,77,313,693,18.24,457,96,32,57,47,4,50,1.32,32,4,3,9,2,0,655,375,357,234,64,241,607,39.7,366,490,147,343,529,1184,1034,18,35.4,16261,2228,5452,6544,4470,713,16257,475,260,54.7,214,45.1,6221,39405,19337,434,310,135,519,332,7078,902,66,1,0,374,390,375,2,7,0,1975,966,966,50.0,25,38,69,564,200,35.5,14.84,5.26,0.12,0.33,17.8,22,4,7,61.5,56.0,0.1,7.5,9.0,17574,22088,79.6,287097,106936,8802,9958,88.4,6446,7742,83.3,1535,2833,54.2,53,43.4,37.4,9.6,439,1261,360,56,1723,17574,22088,79.6,287097,106936,1261,64.6,26490,2114,7085,13042,6588,995,26484,607,366,60.3,241,39.7,14676,872,232,631,414,17425,1711
1819,Chelsea,2,38,38,3420,38,39,1.03,124,84,69.4,21,9,8,16,42.1,2,1,1,0,50.0,36.8,0.28,-2.2,-0.06,61,602,192,31.9,15.84,5.05,0.09,0.29,17.8,30,5,5,58.6,54.6,0.09,2.4,1.4,22960,26774,85.8,357355,116569,12272,13378,91.7,7956,8992,88.5,1700,2561,66.4,52,44.9,45.9,7.1,482,1640,415,65,2155,26774,24894,1797,471,146,216,692,762,215,74,86,19,22960,83,434,1131,29.76,892,58,61,45,54,21,114,3.0,82,5,13,7,6,1,618,365,280,245,93,241,541,44.5,300,357,73,284,353,971,645,16,62.9,30774,2105,7613,14434,8968,1029,30769,703,449,63.9,253,36.0,18388,103404,58308,1058,897,251,512,458,22820,2135,49,0,0,339,424,365,5,2,0,2171,523,504,50.9,24,38,39,347,122,35.2,9.13,3.21,0.11,0.31,17.5,9,1,2,36.4,34.7,0.1,2.6,3.3,12084,15784,76.6,227292,84904,5137,5934,86.6,4930,5813,84.8,1629,3020,53.9,30,27.2,24.8,2.8,256,887,235,70,1127,12084,15784,76.6,227292,84904,887,37.1,20301,2645,7508,8559,4459,609,20300,541,300,55.5,241,44.5,10700,501,133,542,377,12010,1116
1819,Crystal Palace,3,38,38,3420,38,53,1.39,163,110,69.9,14,7,17,12,31.6,5,4,1,0,20.0,46.7,0.26,-5.3,-0.14,48,482,135,28.0,12.68,3.55,0.08,0.28,18.4,16,10,11,47.6,39.2,0.08,0.4,-1.2,12697,16870,75.3,222304,89991,6129,7072,86.7,4802,5866,81.9,1371,2862,47.9,33,29.5,27.1,3.5,358,1003,275,63,1458,16870,14898,1894,435,26,101,577,816,205,89,30,62,12697,78,367,860,22.63,606,72,55,63,50,14,86,2.26,51,6,7,8,13,1,733,446,398,270,65,281,590,47.6,309,441,141,300,445,1178,1011,17,45.2,21679,2323,7079,9743,5112,889,21668,667,377,56.5,290,43.5,10553,62673,32736,771,496,227,576,473,12599,1448,58,2,1,386,391,446,10,5,1,1996,680,706,49.1,26,38,52,520,158,30.4,13.68,4.16,0.09,0.3,18.2,20,4,5,50.1,46.6,0.09,1.9,1.4,16735,20996,79.7,296420,103194,7882,9030,87.3,6305,7413,85.1,1967,3238,60.7,35,35.7,33.7,-0.7,389,1469,331,91,1894,16735,20996,79.7,296420,103194,1469,54.8,25658,2115,6318,12495,7063,865,25653,590,309,52.4,281,47.6,14615,827,144,642,452,16640,1879
1819,Everton,1,38,38,3420,38,46,1.21,136,89,67.6,15,9,14,14,36.8,5,2,3,0,60.0,45.3,0.3,1.3,0.03,53,493,163,33.1,12.97,4.29,0.1,0.31,16.9,20,2,5,49.7,45.7,0.1,3.3,5.3,13878,18477,75.1,242908,92894,6427,7566,84.9,5206,6428,81.0,1589,3045,52.2,34,33.7,30.4,0.3,353,1102,298,94,1581,18477,16376,2032,495,44,140,814,947,215,79,114,4,13878,69,416,845,22.24,573,88,57,61,56,10,93,2.45,65,5,8,12,3,0,699,441,326,290,83,220,511,43.1,291,414,85,329,453,1152,877,21,51.5,23015,2175,6887,10485,5873,856,23011,587,328,55.9,258,44.0,12685,66255,34030,697,522,166,693,469,13764,1566,56,4,1,432,418,441,4,5,2,2157,872,877,49.9,23,38,44,398,131,32.9,10.47,3.45,0.11,0.32,17.7,17,2,5,45.7,41.7,0.11,-1.7,0.3,13146,17729,74.1,233950,90410,6047,7110,85.0,5045,6259,80.6,1543,3100,49.8,24,31.2,31.1,-7.2,288,1002,255,57,1360,13146,17729,74.1,233950,90410,1002,48.5,22290,2294,7169,10332,5017,712,22285,512,291,56.8,219,42.8,11609,598,154,575,478,13052,1351
1819,Fulham,3,38,38,3420,38,81,2.13,226,146,66.4,7,5,26,5,13.2,7,5,1,1,16.7,72.4,0.3,-6.6,-0.17,33,451,140,31.0,11.87,3.68,0.07,0.22,19.0,10,2,3,41.3,39.0,0.09,-8.3,-8.0,15096,19303,78.2,265652,102124,7060,7958,88.7,6054,7206,84.0,1538,3015,51.0,24,30.0,26.3,-6.0,350,1106,233,69,1487,19303,17396,1817,412,33,145,611,769,161,57,62,7,15096,90,339,814,21.42,601,73,47,56,28,9,59,1.55,42,3,6,5,3,0,596,362,310,231,55,224,524,42.7,300,425,144,281,434,1030,1030,28,48.8,23757,2587,7287,11921,4743,592,23754,566,352,62.2,214,37.8,10604,61784,30746,628,461,117,594,486,14992,1471,70,2,2,423,342,362,2,7,2,2072,742,718,50.8,28,38,79,580,220,37.9,15.26,5.79,0.13,0.34,17.1,16,5,7,68.2,62.7,0.11,10.8,11.3,16080,20508,78.4,285688,103831,7371,8429,87.4,6152,7397,83.2,1897,3317,57.2,59,48.2,40.1,10.8,426,1259,382,101,1716,16080,20508,78.4,285688,103831,1259,51.2,24767,2137,6782,11798,6404,1026,24761,524,300,57.3,224,42.7,13459,816,253,582,372,15968,1703
1819,Huddersfield,3,38,38,3420,38,76,2.0,186,110,62.9,3,7,28,5,13.2,8,7,1,0,12.5,61.1,0.29,-13.9,-0.37,21,400,116,29.0,10.53,3.05,0.05,0.17,19.1,15,1,1,28.8,28.0,0.07,-7.8,-8.0,13045,17777,73.4,237346,93900,6045,7200,84.0,4765,6029,79.0,1792,3398,52.7,13,19.9,17.4,-6.9,283,1023,208,93,1248,17777,15783,1931,444,22,130,768,930,162,80,55,11,13045,63,418,683,17.97,487,74,27,43,37,15,33,0.87,23,4,0,3,3,0,708,425,323,315,70,263,625,42.1,362,496,130,366,531,1239,682,15,47.2,21977,2079,6878,10026,5306,600,21976,443,230,51.9,213,48.1,10888,56003,26785,601,496,108,567,399,12938,1233,56,4,1,420,370,425,1,9,1,2063,844,807,51.1,31,38,75,514,178,34.6,13.53,4.68,0.13,0.38,17.4,25,7,8,60.9,54.7,0.11,14.1,13.3,15904,20248,78.5,273887,101737,7466,8591,86.9,6201,7373,84.1,1614,2911,55.4,56,45.2,36.1,10.8,407,1241,314,68,1590,15904,20248,78.5,273887,101737,1241,52.8,24854,2275,7026,12324,5712,824,24846,625,362,57.9,263,42.1,13507,742,194,610,445,15783,1578
1819,Leicester City,1,38,38,3420,38,48,1.26,138,90,68.8,15,7,16,10,26.3,5,5,0,0,0.0,40.0,0.26,-8.0,-0.21,48,508,173,34.1,13.37,4.55,0.08,0.25,18.6,19,5,7,52.4,47.3,0.1,-4.4,-4.3,14640,19068,76.8,259605,95052,6805,7883,86.3,5513,6788,81.2,1752,3120,56.2,34,37.6,31.5,-3.6,381,1181,264,66,1537,19068,17065,1931,453,88,186,779,872,210,82,86,14,14640,72,395,898,23.63,625,87,64,56,50,16,85,2.24,59,3,7,7,9,0,675,393,344,277,54,237,549,43.2,312,429,96,333,438,1113,1034,24,50.9,23657,2242,7084,10997,5824,804,23650,664,392,59.0,272,41.0,13747,72168,38343,752,572,197,582,357,14553,1530,60,5,3,351,378,393,6,5,0,2087,811,679,54.4,25,38,48,422,133,31.5,11.11,3.5,0.1,0.32,18.4,18,5,5,43.7,39.8,0.1,4.3,3.2,14135,18601,76.0,242955,90894,6766,7803,86.7,5322,6533,81.5,1495,2935,50.9,36,30.7,30.5,5.3,301,1126,273,52,1465,14135,18601,76.0,242955,90894,1126,49.1,22968,2257,6476,10998,5737,762,22963,549,312,56.8,237,43.2,12096,695,150,616,438,14021,1446
1819,Liverpool,1,38,38,3420,38,22,0.58,96,74,77.1,30,7,1,21,55.3,1,0,0,1,,27.2,0.29,5.2,0.14,86,568,211,37.1,14.95,5.55,0.14,0.37,17.0,20,7,7,73.7,68.4,0.12,12.3,10.6,21146,25571,82.7,364398,118593,9634,10759,89.5,8817,10042,87.8,1982,3284,60.4,55,49.8,52.6,5.2,422,1520,495,75,2008,25571,23583,1911,463,98,185,721,923,249,82,102,5,21146,77,394,1013,26.66,747,74,77,56,45,14,149,3.92,104,10,14,10,10,1,613,377,257,280,76,251,556,45.1,305,361,78,283,314,927,670,16,61.8,29528,1938,6900,15347,7500,1124,29521,619,356,57.5,263,42.5,19312,91672,48858,857,765,221,603,424,21029,1988,39,2,2,315,347,377,7,1,0,2111,593,587,50.3,23,38,22,306,96,31.4,8.05,2.53,0.07,0.23,18.2,9,0,1,28.8,28.0,0.1,-6.8,-6.0,11572,15810,73.2,202870,80749,5535,6452,85.8,4228,5296,79.8,1327,2872,46.2,16,20.2,20.2,-4.2,221,795,203,59,1047,11572,15810,73.2,202870,80749,795,38.2,20290,2764,7668,9007,3810,543,20288,556,305,54.9,251,45.1,9974,528,128,529,362,11479,1034
1819,Manchester City,1,38,38,3420,38,23,0.61,81,58,76.5,32,2,4,20,52.6,4,4,0,0,0.0,23.3,0.25,0.3,0.01,91,679,252,37.1,17.87,6.63,0.13,0.35,16.9,21,3,4,84.3,81.3,0.12,6.7,6.7,24678,28389,86.9,395041,113549,12249,13188,92.9,9318,10379,89.8,1907,2834,67.3,71,65.5,63.6,5.5,516,1948,554,62,2429,28389,26660,1631,344,112,226,783,739,298,85,121,1,24678,98,384,1216,32.0,927,71,92,71,44,11,168,4.42,139,6,9,5,8,1,518,327,214,215,89,193,467,41.3,274,319,63,256,362,880,570,15,67.9,32238,1825,6098,16583,9800,1458,32234,734,437,59.5,296,40.3,22457,118990,68197,1325,1017,366,509,393,24519,2412,44,1,0,328,301,327,4,4,0,2000,540,522,50.8,21,38,23,234,77,32.9,6.16,2.03,0.08,0.25,18.3,9,4,4,24.7,21.7,0.1,-1.7,-2.7,9950,13564,73.4,181073,73759,4566,5339,85.5,3733,4587,81.4,1253,2679,46.8,14,17.6,16.3,-3.6,179,610,166,41,802,9950,13564,73.4,181073,73759,610,32.1,17804,3065,7668,7290,3036,418,17800,468,274,58.5,193,41.2,8569,410,83,453,325,9885,799
1819,Manchester Utd,1,38,38,3420,38,54,1.42,171,120,71.9,19,9,10,7,18.4,6,6,0,0,0.0,49.9,0.26,-1.1,-0.03,65,514,210,40.9,13.53,5.53,0.11,0.27,18.7,27,9,12,61.4,52.0,0.1,3.6,4.0,16834,20942,80.4,284489,101728,7987,8945,89.3,6247,7334,85.2,1704,2961,57.5,40,39.6,38.3,0.4,381,1219,339,58,1668,20942,18934,1918,435,63,207,638,859,200,78,70,20,16834,90,373,957,25.18,730,61,54,53,52,7,118,3.11,81,4,12,10,10,1,581,347,280,239,62,240,544,44.1,304,445,128,317,355,936,847,26,54.7,25095,2262,6748,12550,5992,893,25083,553,321,58.0,231,41.8,13180,70206,39118,801,594,215,528,424,16742,1662,75,4,2,433,397,347,11,6,3,1969,687,550,55.5,28,38,51,490,165,33.7,12.89,4.34,0.09,0.27,18.5,21,6,6,50.6,45.9,0.1,0.4,-0.9,13430,17529,76.6,224440,85856,6749,7598,88.8,4761,5847,81.4,1330,2804,47.4,37,36.7,34.1,0.3,371,1027,288,66,1336,13430,17529,76.6,224440,85856,1027,45.3,21891,2268,6534,9903,5693,852,21885,544,304,55.9,240,44.1,11892,748,196,516,341,13324,1322
1819,Newcastle Utd,1,38,38,3420,38,48,1.26,140,93,70.0,12,9,17,11,28.9,6,6,0,0,0.0,42.3,0.27,-4.7,-0.12,41,443,136,30.7,11.66,3.58,0.09,0.29,18.8,16,1,3,39.1,36.7,0.09,1.9,3.3,10774,15231,70.7,197304,79475,4812,5773,83.4,3758,4863,77.3,1584,3269,48.5,33,27.4,23.4,5.6,324,792,255,99,985,15231,13359,1813,389,50,217,711,835,181,73,71,11,10774,59,353,784,20.63,571,77,33,43,42,18,68,1.79,46,5,4,10,2,1,711,433,356,291,64,241,565,42.7,324,472,135,337,506,1217,1204,16,40.4,20048,2360,7025,8767,4458,641,20045,444,236,53.2,207,46.6,8749,46542,23595,467,410,95,590,400,10705,976,57,2,0,423,332,433,2,6,1,2034,785,914,46.2,24,38,47,482,134,27.8,12.68,3.53,0.09,0.31,16.7,31,6,6,53.6,49.2,0.1,-6.6,-8.2,18449,23109,79.8,315246,107717,8766,9981,87.8,7050,8324,84.7,1900,3222,59.0,32,39.5,39.3,-7.5,349,1441,381,96,1868,18449,23109,79.8,315246,107717,1441,59.6,27393,2065,6557,14103,6959,940,27387,565,324,57.3,241,42.7,15185,811,164,596,471,18329,1849
1819,Southampton,3,38,38,3420,38,65,1.71,175,112,64.0,9,12,17,7,18.4,3,2,1,0,33.3,54.0,0.3,-8.0,-0.21,44,479,155,32.4,12.61,4.08,0.08,0.26,18.9,20,4,5,46.9,43.4,0.1,-2.9,-3.4,11463,15930,72.0,201495,79147,5615,6610,84.9,4317,5535,78.0,1241,2873,43.2,27,29.3,27.9,-2.3,337,1086,260,68,1333,15930,14072,1797,409,35,139,666,805,193,97,63,22,11463,61,349,819,21.55,565,73,49,62,47,23,77,2.03,54,3,3,6,7,4,698,428,335,283,80,277,646,42.9,369,533,153,380,549,1247,1128,18,43.4,20812,2150,5984,9949,5087,709,20807,508,287,56.5,221,43.5,9653,54428,27555,603,444,155,539,380,11354,1313,73,3,2,420,341,428,4,3,3,2053,767,873,46.8,30,38,62,519,172,33.1,13.66,4.53,0.12,0.35,17.7,12,2,3,55.1,52.9,0.1,6.9,7.1,16244,21051,77.2,282476,101329,7503,8704,86.2,6346,7649,83.0,1724,3166,54.5,49,40.7,36.2,8.3,383,1164,343,79,1574,16244,21051,77.2,282476,101329,1164,56.6,25423,2252,7439,12055,6128,953,25420,648,369,56.9,278,42.9,13719,702,194,589,420,16129,1564
1819,Tottenham,3,38,38,3420,38,39,1.03,156,118,76.9,23,2,13,13,34.2,5,3,2,0,40.0,47.7,0.28,11.7,0.31,66,533,182,34.1,14.03,4.79,0.12,0.34,18.1,23,4,4,54.9,51.8,0.1,11.1,10.2,18808,23056,81.6,324971,107296,8731,9745,89.6,7694,8904,86.4,1810,3083,58.7,47,39.1,36.2,7.9,392,1283,364,90,1744,23056,21115,1867,457,87,136,643,851,194,54,81,5,18808,74,445,937,24.66,676,81,62,55,46,17,115,3.03,81,9,6,11,7,1,627,373,310,237,80,268,577,46.4,309,415,112,303,325,952,823,20,59.0,27311,2487,7711,13441,6402,884,27307,672,370,55.1,302,44.9,17170,84748,44019,840,684,205,603,349,18666,1727,57,3,1,376,364,373,3,5,3,2107,599,611,49.5,28,38,36,456,151,33.1,12.0,3.97,0.07,0.22,17.4,13,3,5,47.1,43.0,0.1,-11.1,-10.0,11840,15982,74.1,217278,86532,5431,6334,85.7,4181,5215,80.2,1691,3167,53.4,28,33.6,29.1,-5.6,342,933,255,72,1198,11840,15982,74.1,217278,86532,933,41.0,20494,2362,6675,9034,4992,747,20489,577,309,53.6,268,46.4,10494,597,173,591,359,11755,1183
1819,Watford,1,38,38,3420,38,59,1.55,180,123,69.4,14,8,16,7,18.4,5,4,1,0,20.0,55.5,0.3,-0.5,-0.01,51,436,148,33.9,11.47,3.89,0.11,0.34,17.3,22,1,1,48.2,47.5,0.11,2.8,2.5,12550,16974,73.9,213157,87312,6240,7278,85.7,4322,5450,79.3,1370,2902,47.2,39,34.8,28.5,4.2,310,944,291,55,1294,16974,15065,1820,483,32,117,570,755,177,84,55,0,12550,89,348,724,19.05,523,56,46,42,46,11,83,2.18,48,8,15,6,4,2,656,391,350,243,63,257,622,41.3,365,404,120,284,428,1084,1022,18,46.7,21508,2252,6504,9887,5303,845,21507,543,292,53.8,251,46.2,11747,56181,28366,588,434,191,586,418,12440,1273,79,4,1,433,382,391,1,5,3,2021,753,797,48.6,25,38,56,486,175,36.0,12.79,4.61,0.11,0.3,16.9,18,4,5,59.2,55.3,0.12,-3.2,-3.3,15141,19586,77.3,264051,97503,7193,8267,87.0,5622,6834,82.3,1704,3104,54.9,38,39.5,37.2,-1.5,351,1200,344,89,1605,15141,19586,77.3,264051,97503,1200,53.3,24096,2196,6862,11288,6170,891,24091,622,365,58.7,257,41.3,13101,762,193,544,399,15004,1585
1819,West Ham,1,38,38,3420,38,55,1.45,198,143,74.2,15,7,16,7,18.4,5,4,1,0,20.0,62.7,0.31,8.7,0.23,51,436,149,34.2,11.47,3.92,0.11,0.31,17.2,17,5,5,47.6,43.8,0.1,3.4,2.2,13847,18038,76.8,239173,90485,6655,7661,86.9,4834,5923,81.6,1640,2995,54.8,33,34.1,30.9,-1.1,325,1005,266,55,1478,18038,16053,1914,501,75,161,631,824,188,86,82,4,13847,71,416,772,20.32,545,77,43,54,36,17,88,2.32,60,5,7,10,5,1,723,393,385,279,59,295,697,42.3,402,488,142,346,457,1180,926,16,48.6,22541,2350,6338,11093,5350,782,22536,668,389,58.2,279,41.8,11634,67597,34846,731,542,189,552,390,13762,1471,59,1,0,331,388,393,5,5,1,2104,636,620,50.6,26,38,54,523,193,36.9,13.76,5.08,0.1,0.26,17.1,19,4,5,61.9,58.0,0.12,-7.9,-8.0,15357,19548,78.6,258831,99119,7503,8474,88.5,5716,6817,83.8,1528,2825,54.1,40,46.7,40.2,-6.7,389,1322,336,73,1781,15357,19548,78.6,258831,99119,1322,51.4,23872,2096,6281,11624,6237,915,23867,697,402,57.7,295,42.3,13118,853,204,522,428,15259,1767
1819,Wolves,3,38,38,3420,38,46,1.21,141,99,69.5,16,9,13,9,23.7,4,3,0,1,0.0,39.4,0.26,-2.6,-0.07,46,473,144,30.4,12.45,3.79,0.09,0.29,17.7,12,4,4,52.1,49.0,0.11,-6.1,-7.0,13961,18261,76.5,255563,92552,5966,6900,86.5,5519,6661,82.9,1884,3353,56.2,35,39.4,30.3,-4.4,348,1053,242,73,1350,18261,16415,1773,361,51,194,622,843,195,63,87,3,13961,73,394,828,21.79,605,69,53,48,40,13,82,2.16,58,6,4,6,8,0,720,408,385,284,51,283,664,42.6,381,499,148,351,501,1221,895,23,46.8,22684,2093,6742,11104,5061,705,22680,596,331,55.5,264,44.3,11225,63786,34764,743,494,192,498,401,13845,1335,73,1,0,409,325,408,4,4,4,2239,803,788,50.5,21,38,42,459,138,30.1,12.08,3.63,0.08,0.28,19.0,19,3,4,42.1,39.0,0.09,-0.1,0.0,16749,21077,79.5,286755,98460,7853,8839,88.8,6604,7767,85.0,1654,3076,53.8,32,27.7,29.4,4.3,312,1158,284,58,1573,16749,21077,79.5,286755,98460,1158,53.2,25401,2092,6439,12980,6198,732,25397,665,381,57.3,283,42.6,14268,750,150,559,436,16643,1562
1920,Arsenal,2,38,38,3420,38,48,1.26,193,144,78.8,14,14,10,10,26.3,8,7,1,0,12.5,51.8,0.23,3.8,0.1,56,403,146,36.2,10.61,3.84,0.13,0.36,16.4,19,3,3,47.0,44.6,0.11,9.0,8.4,16634,20410,81.5,292657,94450,7259,8103,89.6,7300,8331,87.6,1596,2772,57.6,35,31.4,28.5,3.6,298,1164,311,63,1641,20410,18463,1874,487,67,153,699,756,231,96,71,3,16634,73,320,709,18.66,501,59,52,48,33,16,85,2.24,57,5,4,9,4,6,584,336,296,217,71,249,612,40.7,363,398,141,257,351,935,754,18,53.8,24424,2737,8368,10648,5628,821,24421,697,411,59.0,286,41.0,14410,85069,46708,815,534,209,547,370,16527,1630,88,5,1,421,437,336,2,8,0,1861,501,589,46.0,29,38,48,545,185,33.9,14.34,4.87,0.08,0.22,18.2,19,7,8,55.3,48.9,0.09,-7.3,-7.9,13968,17668,79.1,245849,89696,6592,7433,88.7,5474,6451,84.9,1506,2727,55.2,30,39.1,33.2,-9.1,415,1087,300,85,1369,13968,17668,79.1,245849,89696,1087,46.3,21798,2223,6362,9657,6012,943,21791,613,363,59.2,249,40.6,12392,759,232,521,335,13864,1361
1920,Aston Villa,4,38,38,3420,38,67,1.76,182,115,65.9,9,8,21,7,18.4,6,5,1,0,16.7,51.6,0.25,-14.4,-0.38,40,453,147,32.5,11.92,3.87,0.09,0.27,17.5,21,1,3,44.3,41.8,0.09,-4.3,-2.8,11652,15672,74.3,217478,84204,5074,5895,86.1,4810,5882,81.8,1480,3002,49.3,32,34.2,27.7,-2.2,369,908,270,95,1247,15672,13604,2006,562,17,153,798,797,200,109,34,8,11652,62,307,828,21.79,599,88,42,36,56,7,72,1.89,48,8,5,4,7,0,523,291,285,174,64,223,597,37.4,374,456,184,272,423,946,928,26,44.1,19977,2658,7038,8203,4969,695,19974,569,352,61.9,217,38.1,10317,61373,31557,639,476,139,546,313,11546,1229,70,1,1,451,525,291,2,6,1,1900,705,742,48.7,28,38,66,602,176,29.2,15.84,4.63,0.1,0.35,16.8,21,5,6,67.8,63.0,0.11,-1.8,-2.0,16142,20266,79.7,279743,100721,7760,8725,88.9,6185,7276,85.0,1661,2984,55.7,44,46.6,39.9,-2.6,458,1350,383,74,1823,16142,20266,79.7,279743,100721,1350,55.9,24385,2244,6762,10847,6995,1124,24379,597,374,62.6,223,37.4,14320,838,257,528,300,16041,1805
1920,Bournemouth,2,38,38,3420,38,65,1.71,192,126,68.8,9,7,22,5,13.2,6,5,1,0,16.7,62.6,0.3,-2.4,-0.06,38,385,117,30.4,10.13,3.08,0.09,0.29,17.3,21,4,4,44.8,41.7,0.11,-6.8,-7.7,12042,16387,73.5,208869,82509,5798,6832,84.9,4689,5821,80.6,1231,2655,46.4,24,30.6,25.7,-6.6,280,921,227,49,1256,16387,14488,1832,450,28,92,646,790,194,104,57,0,12042,67,390,669,17.61,472,69,34,39,47,8,63,1.66,36,6,7,8,6,0,507,299,254,206,47,207,567,36.5,360,439,160,279,475,982,1008,16,44.1,20872,2556,7472,8683,4916,717,20868,602,325,54.0,277,46.0,12070,62723,31212,601,424,136,571,384,11946,1238,78,3,2,369,388,299,2,6,0,1979,792,835,48.7,27,38,65,552,186,33.7,14.53,4.89,0.11,0.32,17.9,16,5,6,62.3,57.6,0.11,2.7,2.4,16667,21185,78.7,294977,98427,7405,8464,87.5,7039,8266,85.2,1705,3186,53.5,45,42.6,36.9,2.4,415,1241,366,86,1670,16667,21185,78.7,294977,98427,1241,55.9,25513,2214,7267,11967,6490,965,25507,567,360,63.5,207,36.5,14703,743,207,543,300,16577,1662
1920,Brighton,1,38,38,3420,38,54,1.42,168,116,69.0,9,14,15,9,23.7,2,2,0,0,0.0,50.2,0.29,-1.8,-0.05,35,460,139,30.2,12.11,3.66,0.07,0.24,17.6,11,1,2,45.4,43.8,0.1,-10.4,-9.8,15881,20056,79.2,290667,102483,6755,7803,86.6,7139,8265,86.4,1701,3003,56.6,24,31.6,27.3,-7.6,343,1124,294,62,1675,20056,18194,1791,394,34,200,689,853,178,78,78,0,15881,71,365,804,21.16,599,73,39,48,40,5,65,1.71,44,9,5,2,5,0,641,379,295,269,77,245,642,38.2,397,437,137,300,419,1060,750,15,52.2,24387,2721,8174,10724,5693,770,24385,584,335,57.4,249,42.6,13074,73950,37898,669,502,165,626,399,15782,1661,59,2,1,386,325,379,2,2,2,2065,690,577,54.5,25,38,52,496,166,33.5,13.05,4.37,0.1,0.3,16.3,20,2,2,55.0,53.4,0.11,-3.0,-3.4,14322,18458,77.6,247084,86934,6790,7740,87.7,5484,6563,83.6,1527,2904,52.6,42,43.1,32.0,-1.1,376,992,297,63,1342,14322,18458,77.6,247084,86934,992,47.8,22698,2286,7201,10219,5513,873,22696,642,397,61.8,245,38.2,12826,773,223,550,396,14192,1325
1920,Burnley,1,38,38,3420,38,50,1.32,167,117,72.5,15,9,14,15,39.5,5,4,1,0,20.0,45.7,0.25,-3.3,-0.09,41,384,124,32.3,10.11,3.26,0.1,0.31,16.4,18,3,3,47.4,45.3,0.12,-6.4,-7.3,10049,14694,68.4,181797,76083,4700,5595,84.0,3686,4854,75.9,1295,3221,40.2,30,32.4,28.5,-2.4,280,787,217,99,890,14694,12767,1838,408,29,99,743,868,170,158,1,0,10049,89,287,667,17.55,459,83,27,44,45,9,71,1.87,47,10,4,6,3,1,547,344,238,241,68,240,585,41.0,345,450,175,275,387,934,901,15,41.9,18827,2224,5596,8993,4410,617,18823,454,246,54.2,208,45.8,8828,46545,21653,437,352,71,509,291,9969,882,67,0,0,412,369,344,1,5,1,1860,937,917,50.5,22,38,49,534,162,30.3,14.05,4.26,0.08,0.28,18.3,22,4,5,49.8,45.8,0.09,-0.8,-0.8,15824,20627,76.7,268946,94434,7570,8683,87.2,6129,7430,82.5,1544,3175,48.6,38,36.6,31.9,1.4,403,1105,352,86,1544,15824,20627,76.7,268946,94434,1105,58.1,24517,2323,7873,10580,6246,895,24512,585,345,59.0,240,41.0,14297,857,231,518,307,15690,1528
1920,Chelsea,2,38,38,3420,38,54,1.42,115,64,54.8,20,6,12,9,23.7,2,2,0,0,0.0,37.5,0.31,-13.5,-0.36,69,618,210,34.0,16.26,5.53,0.1,0.3,16.6,29,7,7,69.2,64.4,0.11,-0.2,-2.4,20958,25213,83.1,352088,108966,9753,10903,89.5,8527,9698,87.9,1843,2989,61.7,46,46.7,42.3,-0.7,459,1463,411,108,1897,25213,23308,1842,401,61,215,862,876,247,106,82,2,20958,63,361,1121,29.5,847,86,57,64,52,15,123,3.24,86,6,10,9,10,2,638,362,304,258,76,246,604,40.7,358,361,91,270,459,1097,631,14,60.4,29489,2281,8311,13996,7423,1063,29482,718,460,64.1,258,35.9,18488,98638,51643,983,725,222,583,414,20848,1880,60,0,0,386,384,362,6,2,3,2210,703,701,50.1,27,38,51,320,113,35.3,8.42,2.97,0.15,0.43,16.5,15,2,2,38.6,37.0,0.12,12.4,12.0,12445,16600,75.0,218822,82681,5803,6816,85.1,4884,5932,82.3,1342,2751,48.8,36,27.4,23.9,8.6,241,847,216,55,1151,12445,16600,75.0,218822,82681,847,39.6,21108,2691,7489,9424,4394,584,21106,604,358,59.3,247,40.9,11069,464,113,636,392,12342,1134
1920,Crystal Palace,2,38,38,3420,38,50,1.32,172,124,70.9,11,10,17,10,26.3,1,0,0,1,,55.7,0.34,7.7,0.2,29,373,115,30.8,9.82,3.03,0.07,0.23,17.0,15,3,3,35.8,33.6,0.09,-6.8,-7.6,12274,16395,74.9,212859,86923,5857,6822,85.9,4679,5712,81.9,1307,2747,47.6,20,26.0,24.4,-6.0,265,910,243,47,1223,16395,14377,1965,501,19,79,588,886,177,93,32,36,12274,53,318,643,16.92,427,68,57,36,46,9,53,1.39,37,3,4,4,5,0,686,390,367,244,75,316,711,44.4,395,399,135,264,444,1130,856,18,44.8,20928,2377,7276,9017,4876,793,20925,698,432,61.9,266,38.1,10305,58519,29301,596,428,198,611,479,12187,1208,62,2,0,424,479,390,2,1,2,1915,771,776,49.8,25,38,48,511,172,33.7,13.45,4.53,0.09,0.28,17.1,25,0,1,57.0,56.2,0.11,-9.0,-8.2,16178,20387,79.4,283124,96926,7477,8506,87.9,6428,7601,84.6,1703,2988,57.0,36,40.0,36.7,-4.0,380,1280,328,81,1690,16178,20387,79.4,283124,96926,1280,55.2,24860,2097,6741,11771,6538,898,24859,711,395,55.6,316,44.4,14378,769,171,604,370,16070,1676
1920,Everton,1,38,38,3420,38,56,1.47,147,94,63.9,13,10,15,9,23.7,4,3,0,1,0.0,50.2,0.32,-2.8,-0.07,42,468,159,34.0,12.32,4.18,0.09,0.26,16.4,20,1,1,50.8,50.0,0.11,-8.8,-9.0,13433,17736,75.7,248821,94797,5670,6722,84.3,5545,6642,83.5,1728,3126,55.3,32,38.1,31.5,-6.1,340,987,288,93,1430,17736,15790,1888,463,55,165,804,853,203,105,80,2,13433,58,362,805,21.18,536,86,47,69,51,16,67,1.76,47,4,4,9,3,0,671,408,328,262,81,282,672,42.0,390,372,111,261,408,1079,778,13,49.0,22035,2514,7389,9561,5301,838,22034,609,374,61.4,235,38.6,12432,65428,32588,623,502,146,593,345,13344,1421,76,3,3,472,394,408,0,4,3,1966,860,835,50.7,24,38,53,423,144,34.0,11.13,3.79,0.12,0.35,17.1,23,3,4,48.3,45.2,0.11,4.7,4.8,14366,18648,77.0,255446,94202,6485,7476,86.7,5830,6928,84.2,1560,3010,51.8,39,34.2,29.6,4.8,317,1045,274,69,1405,14366,18648,77.0,255446,94202,1045,51.0,22967,2340,7355,10583,5246,733,22963,672,390,58.0,282,42.0,12773,675,176,568,389,14272,1392
1920,Leicester City,1,38,38,3420,38,41,1.08,135,94,75.6,18,8,12,13,34.2,10,8,2,0,20.0,44.3,0.26,5.3,0.14,65,533,183,34.3,14.03,4.82,0.11,0.33,17.4,20,5,7,62.2,56.7,0.11,2.8,3.3,17600,21800,80.7,304569,102390,8018,9016,88.9,7415,8600,86.2,1655,2913,56.8,48,44.9,35.3,3.1,405,1283,313,72,1612,21800,19817,1919,495,68,126,779,883,221,70,100,7,17600,64,368,969,25.5,707,73,75,48,56,10,116,3.05,91,3,11,4,5,2,742,432,347,320,75,298,725,41.1,427,420,92,328,423,1165,767,16,57.1,26247,2187,7814,12226,6415,925,26240,688,377,54.8,311,45.2,16018,77180,39583,739,561,223,602,328,17485,1601,43,3,1,418,444,432,6,10,2,2104,659,674,49.4,24,38,39,368,125,34.0,9.68,3.29,0.08,0.25,17.5,21,8,10,45.5,37.7,0.1,-6.5,-6.7,12319,16545,74.5,215679,83904,5972,6985,85.5,4442,5529,80.3,1439,2821,51.0,26,29.2,27.5,-3.2,290,909,254,71,1214,12319,16545,74.5,215679,83904,909,43.0,20944,2337,6652,9396,5129,670,20934,725,427,58.9,298,41.1,11229,653,133,639,444,12236,1205
1920,Liverpool,2,38,38,3418,38,33,0.87,107,75,70.1,32,3,3,15,39.5,1,1,0,0,0.0,27.1,0.25,-4.9,-0.13,83,586,224,38.2,15.42,5.89,0.13,0.35,16.5,20,5,5,68.9,65.0,0.11,14.1,13.0,21276,25891,82.2,370796,117058,9557,10648,89.8,9007,10345,87.1,2038,3458,58.9,69,53.0,46.8,16.0,454,1630,477,93,1941,25891,23952,1886,440,68,283,896,879,257,63,125,2,21276,53,343,1044,27.47,800,77,60,54,36,17,148,3.89,108,11,10,9,8,2,550,325,195,243,112,217,588,36.9,371,302,68,234,352,902,634,25,62.9,29748,2077,7168,14888,7908,1193,29743,658,387,58.8,271,41.2,20165,94607,50195,967,782,252,607,306,21151,1925,38,1,0,331,293,325,4,1,1,2194,655,588,52.7,24,38,32,340,106,31.2,8.95,2.79,0.09,0.29,17.2,5,1,1,37.7,36.9,0.11,-5.7,-5.9,10923,15242,71.7,191418,77636,5234,6146,85.2,4041,5171,78.1,1253,2832,44.2,23,29.6,22.2,-6.6,254,667,195,60,949,10923,15242,71.7,191418,77636,667,37.1,19713,3135,8296,7801,3830,557,19712,589,371,63.0,217,36.8,10107,514,146,540,332,10834,932
1920,Manchester City,2,38,38,3418,38,35,0.92,110,76,70.9,26,3,9,17,44.7,3,3,0,0,0.0,34.1,0.29,0.1,0.0,100,735,250,34.0,19.34,6.58,0.13,0.38,16.4,27,6,11,92.0,83.6,0.12,8.0,10.4,24557,28190,87.1,410039,117432,11773,12714,92.6,9821,10885,90.2,2121,2963,71.6,69,68.4,62.7,0.6,582,1819,553,89,2460,28190,26549,1573,352,85,243,915,684,298,113,54,7,24557,68,329,1356,35.68,1040,72,101,75,53,15,173,4.55,123,6,16,14,12,2,514,301,204,210,100,230,605,38.0,375,292,66,226,352,866,495,21,66.2,31884,2009,6806,15609,9720,1473,31873,721,487,67.5,235,32.6,23022,118327,66426,1199,964,377,456,341,24428,2453,64,4,2,362,296,301,10,3,1,1959,515,498,50.8,24,38,34,277,107,38.6,7.29,2.82,0.11,0.29,16.6,18,3,3,36.2,34.6,0.13,-2.2,-3.6,10925,14396,75.9,193906,72013,5103,5826,87.6,4277,5020,85.2,1215,2603,46.7,25,23.1,19.5,1.9,199,662,168,40,801,10925,14396,75.9,193906,72013,662,33.8,18612,3315,8332,7160,3313,501,18609,605,375,62.0,230,38.0,9773,448,121,484,284,10844,793
1920,Manchester Utd,1,38,38,3420,38,36,0.95,131,96,74.8,18,12,8,13,34.2,3,3,0,0,0.0,34.7,0.25,-0.3,-0.01,65,530,201,37.9,13.95,5.29,0.1,0.27,19.1,33,10,14,62.2,51.2,0.1,2.8,3.8,17744,21725,81.7,294732,95208,8697,9751,89.2,6891,7957,86.6,1555,2646,58.8,43,38.5,36.2,4.5,402,1350,341,50,1788,21725,19836,1833,466,64,171,635,822,204,86,63,11,17744,56,381,978,25.74,766,50,62,36,56,8,112,2.95,86,4,7,2,12,1,579,333,267,231,81,254,634,40.1,380,360,99,261,379,958,703,14,55.8,25838,2167,7222,11840,6993,878,25824,747,446,59.7,301,40.3,14498,83016,46282,926,681,255,559,396,17632,1779,73,0,0,423,427,333,12,3,1,2084,557,512,52.1,29,38,35,387,128,33.1,10.18,3.37,0.08,0.25,17.8,23,3,3,37.7,35.3,0.09,-2.7,-3.3,13147,17274,76.1,227370,83853,6180,7080,87.3,5020,6073,82.7,1402,2837,49.4,24,25.2,22.4,-1.2,275,912,209,56,1204,13147,17274,76.1,227370,83853,912,44.2,21522,2443,7158,9321,5282,698,21519,634,380,59.9,254,40.1,11798,648,176,572,325,13041,1184
1920,Newcastle Utd,1,38,38,3420,38,58,1.53,195,139,71.3,11,11,16,11,28.9,2,2,0,0,0.0,63.0,0.32,7.0,0.18,38,398,132,33.2,10.47,3.47,0.1,0.29,19.1,14,0,1,35.5,34.8,0.09,2.5,3.2,10606,14566,72.8,189511,75573,4963,5792,85.7,3781,4800,78.8,1351,2818,47.9,29,26.9,19.1,2.1,299,685,181,62,844,14566,12726,1765,463,18,151,591,715,151,68,45,13,10606,75,304,705,18.55,491,75,55,38,37,9,62,1.63,41,6,4,6,4,1,603,357,364,198,41,273,632,43.2,359,402,152,250,391,994,988,19,39.0,18910,2401,7096,8182,3875,542,18909,674,400,59.3,274,40.7,9916,54616,27300,537,426,138,594,288,10525,826,66,3,0,370,423,357,0,2,2,1871,733,781,48.4,28,38,56,564,193,34.2,14.84,5.08,0.1,0.28,16.5,20,2,2,65.6,64.0,0.12,-9.6,-10.0,19474,23531,82.8,339292,109168,8883,9936,89.4,8230,9358,87.9,1849,3083,60.0,38,50.4,47.6,-12.4,444,1593,362,77,1882,19474,23531,82.8,339292,109168,1593,61.0,27554,1870,6190,14017,7574,1006,27552,632,359,56.8,273,43.2,16873,808,196,620,330,19370,1868
1920,Norwich City,3,38,38,3420,38,75,1.97,210,135,66.2,5,6,27,5,13.2,7,4,3,0,42.9,66.5,0.29,-5.5,-0.14,25,407,126,31.0,10.71,3.32,0.06,0.18,18.0,16,2,2,37.0,35.4,0.09,-12.0,-12.4,14965,18869,79.3,243176,86282,7717,8664,89.1,5301,6196,85.6,1336,2696,49.6,18,27.4,23.6,-9.4,304,913,210,32,1169,18869,16961,1858,461,47,124,473,773,162,75,77,2,14965,50,373,717,18.87,522,56,47,47,35,10,43,1.13,34,2,2,2,1,2,628,379,359,210,59,267,700,38.1,433,453,171,282,397,1025,959,20,49.3,23409,3125,9058,9868,4701,661,23407,706,427,60.5,278,39.4,14090,74844,38544,673,476,177,591,405,14835,1159,68,3,0,363,430,379,1,7,3,1989,518,673,43.5,30,38,72,600,203,33.8,15.79,5.34,0.11,0.33,16.6,19,4,7,66.5,60.9,0.1,5.5,7.1,15431,19565,78.9,273323,96267,6951,7961,87.3,6154,7294,84.4,1749,3018,58.0,50,46.6,42.9,3.4,449,1322,424,103,1793,15431,19565,78.9,273323,96267,1322,50.7,23793,1850,5880,10739,7402,1131,23786,700,433,61.9,267,38.1,13899,846,259,540,361,15314,1772
1920,Sheffield Utd,2,38,38,3420,38,39,1.03,139,99,72.7,14,12,12,13,34.2,3,1,1,1,50.0,43.7,0.32,4.7,0.12,36,352,109,31.0,9.26,2.87,0.1,0.32,15.2,4,1,1,43.0,42.2,0.12,-7.0,-7.2,12125,16858,71.9,222335,83887,5714,6687,85.4,4480,5657,79.2,1579,3404,46.4,25,34.0,29.7,-9.0,269,1053,282,97,1352,16858,14962,1818,375,15,206,866,882,212,150,18,18,12125,78,341,630,16.58,457,62,44,38,23,6,63,1.66,47,3,6,6,1,0,611,377,304,229,78,261,646,40.4,385,336,106,230,420,1031,931,16,43.1,21000,2180,6190,8918,6070,733,20999,535,346,64.7,187,35.0,9508,48303,23773,493,375,116,519,292,12015,1334,63,2,1,412,306,377,1,3,0,2041,946,886,51.6,26,38,39,428,137,32.0,11.26,3.61,0.09,0.28,17.6,24,1,3,51.0,48.6,0.12,-12.0,-10.6,17999,22602,79.6,316412,102270,8160,9268,88.0,7419,8694,85.3,1854,3409,54.4,28,38.1,31.4,-10.1,326,1150,258,60,1420,17999,22602,79.6,316412,102270,1150,56.9,26644,2500,8708,12112,6017,797,26641,647,385,59.5,261,40.3,15689,840,191,550,349,17867,1410
1920,Southampton,2,38,38,3420,38,60,1.58,168,108,66.1,15,7,16,9,23.7,4,3,1,0,25.0,54.7,0.31,-4.3,-0.11,51,494,171,34.6,13.0,4.5,0.1,0.29,17.8,27,2,5,56.1,52.1,0.11,-5.1,-3.1,12488,17468,71.5,218809,83466,5869,7035,83.4,5027,6478,77.6,1240,2921,42.5,32,36.4,28.7,-4.4,340,1019,282,70,1335,17468,15450,1960,448,27,133,690,950,210,106,87,5,12488,58,331,843,22.18,560,74,70,53,60,26,77,2.03,41,3,15,8,7,3,706,416,325,287,94,324,793,40.9,469,488,124,364,425,1131,867,21,48.9,22200,2123,6196,10753,5497,811,22196,680,423,62.2,257,37.8,10579,58592,29795,628,459,182,654,362,12363,1308,55,4,1,450,388,416,4,4,1,2150,810,878,48.0,25,38,59,448,164,36.6,11.79,4.32,0.13,0.34,16.6,13,3,4,52.8,49.6,0.11,6.2,6.4,13419,18481,72.6,242017,92050,5891,7104,82.9,5607,7101,79.0,1529,3057,50.0,41,38.7,31.2,2.3,333,1041,301,79,1453,13419,18481,72.6,242017,92050,1041,51.1,22982,2401,7769,9935,5478,866,22977,794,469,59.1,324,40.8,12385,644,199,627,382,13308,1437
1920,Tottenham,2,38,38,3420,38,47,1.24,181,134,76.8,16,11,11,8,21.1,7,5,2,0,28.6,53.0,0.26,8.0,0.21,56,440,154,35.0,11.58,4.05,0.12,0.34,18.4,21,3,4,47.9,44.7,0.1,8.1,8.3,16101,20296,79.3,268557,90635,7859,8877,88.5,6303,7463,84.5,1350,2655,50.8,39,32.6,28.2,6.4,339,1077,283,47,1410,20296,18404,1826,464,79,113,641,785,200,116,51,1,16101,66,344,779,20.5,589,43,54,37,38,18,94,2.47,62,3,13,10,4,2,665,415,331,281,53,253,681,37.2,428,441,148,293,381,1046,894,24,52.0,24729,2568,7603,11826,5549,710,24725,747,449,60.1,297,39.8,15489,76394,39387,768,573,182,577,437,15997,1398,84,3,1,423,424,415,4,7,2,2022,642,671,48.9,29,38,45,532,174,32.7,14.0,4.58,0.08,0.23,17.5,23,5,7,54.2,49.1,0.09,-9.2,-9.1,14672,18848,77.8,258025,92485,6771,7728,87.6,5788,6945,83.3,1621,2954,54.9,27,34.0,32.2,-7.0,392,1153,298,85,1554,14672,18848,77.8,258025,92485,1153,48.0,23303,2177,6624,10997,5921,890,23296,681,428,62.8,253,37.2,13295,715,195,622,412,14591,1543
1920,Watford,1,38,38,3420,38,64,1.68,178,116,68.5,8,10,20,9,23.7,9,8,1,0,11.1,62.6,0.31,1.6,0.04,35,416,112,26.9,10.95,2.95,0.07,0.25,17.3,18,7,8,48.9,42.6,0.1,-13.9,-14.6,11230,15775,71.2,192764,78762,5578,6640,84.0,3901,5075,76.9,1244,2868,43.4,21,31.4,27.6,-10.4,303,848,253,69,1168,15775,13907,1800,398,11,134,684,838,167,92,49,2,11230,68,285,725,19.08,498,69,45,42,56,15,58,1.53,34,6,3,4,8,3,657,369,347,249,61,267,713,37.4,446,396,135,261,424,1081,869,4,42.9,20081,2134,6250,8911,5148,805,20073,576,321,55.7,254,44.1,10429,54446,27529,578,446,162,549,348,11126,1152,80,3,2,481,342,369,7,9,3,1996,823,802,50.6,26,38,61,487,169,34.7,12.82,4.45,0.11,0.31,17.9,28,8,9,58.1,51.2,0.11,2.9,1.8,17002,21471,79.2,292652,98057,7916,9018,87.8,6938,8154,85.1,1603,3020,53.1,37,39.4,32.3,-2.4,354,1253,287,66,1654,17002,21471,79.2,292652,98057,1253,57.1,25766,2339,7733,12130,6172,815,25757,715,446,62.4,266,37.2,15320,844,200,597,389,16880,1643
1920,West Ham,4,38,38,3420,38,62,1.63,187,127,69.5,10,9,19,7,18.4,6,5,1,0,16.7,60.5,0.3,1.5,0.04,49,413,156,37.8,10.87,4.11,0.11,0.29,16.4,13,4,4,48.6,45.4,0.11,0.4,-0.4,12451,16861,73.8,221660,89417,6048,7124,84.9,4538,5680,79.9,1515,2997,50.6,36,36.7,33.4,-0.7,328,1083,244,80,1377,16861,14967,1828,432,38,156,737,815,190,111,54,6,12451,66,358,735,19.34,514,78,42,42,47,12,89,2.34,62,7,5,7,8,0,696,417,374,263,59,300,745,40.3,445,383,117,266,421,1117,789,16,44.1,20992,2159,6259,9681,5265,746,20988,663,397,59.9,264,39.8,11154,62359,30132,666,485,168,496,322,12348,1370,64,1,1,387,345,417,3,6,3,2052,855,801,51.6,29,38,59,495,181,36.6,13.03,4.76,0.11,0.3,16.4,13,5,6,63.8,59.1,0.12,-4.8,-5.1,17330,21591,80.3,296808,102799,8104,9093,89.1,7074,8231,85.9,1603,2924,54.8,49,48.7,41.1,0.3,388,1332,376,96,1724,17330,21591,80.3,296808,102799,1332,55.9,25818,2189,7242,12451,6371,938,25812,745,445,59.7,300,40.3,15254,855,178,525,396,17194,1712
1920,Wolves,1,38,38,3420,38,40,1.05,129,88,69.8,15,14,9,13,34.2,3,1,2,0,66.7,35.5,0.26,-3.5,-0.09,49,457,142,31.1,12.03,3.74,0.1,0.32,17.4,13,4,4,54.1,51.0,0.11,-5.1,-6.0,14298,18474,77.4,266628,97026,5979,6942,86.1,5777,6928,83.4,1985,3308,60.0,34,37.5,30.0,-3.5,339,1015,223,83,1338,18474,16650,1775,405,40,203,718,816,193,55,80,0,14298,49,323,801,21.08,541,70,79,47,46,18,83,2.18,53,6,9,8,7,0,646,367,358,227,61,281,685,41.0,404,378,109,269,437,1083,702,23,48.3,22660,1987,6969,10797,5105,779,22656,817,509,62.3,308,37.7,11543,66813,36391,858,559,229,540,338,14176,1320,61,2,2,407,360,367,4,3,1,2113,775,711,52.2,21,38,39,396,126,31.8,10.42,3.32,0.1,0.3,17.3,12,1,3,38.0,35.5,0.09,1.0,2.5,15811,19951,79.2,267919,93028,7591,8577,88.5,6174,7252,85.1,1485,2879,51.6,28,26.1,22.8,1.9,289,1098,255,68,1411,15811,19951,79.2,267919,93028,1098,51.7,24140,2211,6621,12217,5539,686,24137,685,404,59.0,281,41.0,13955,702,143,546,365,15703,1392
2021,Arsenal,3,38,38,3417,38,39,1.03,129,93,71.3,18,7,13,12,31.6,3,2,1,0,33.3,36.0,0.26,1.0,0.03,53,453,140,30.9,11.92,3.68,0.1,0.34,17.7,23,6,6,51.8,47.0,0.11,1.2,0.0,18041,21807,82.7,306094,93540,8319,9236,90.1,7770,8814,88.2,1453,2621,55.4,38,35.1,35.3,2.9,332,1377,325,67,1760,21807,20122,1624,440,34,133,751,663,207,86,64,12,18041,61,311,813,21.39,623,44,49,45,46,6,95,2.5,69,2,8,6,8,2,456,252,206,184,66,212,547,38.8,335,368,113,255,351,807,643,16,53.5,25431,2426,7970,11384,6240,910,25425,535,296,55.3,239,44.7,15543,83237,45097,758,499,195,511,260,17924,1748,49,5,1,346,400,252,5,3,4,1838,504,594,45.9,29,38,35,412,126,30.6,10.84,3.32,0.08,0.26,17.8,12,2,3,43.0,40.6,0.1,-8.0,-7.6,15355,19093,80.4,264758,88749,7194,8000,89.9,6173,7125,86.6,1478,2802,52.7,25,31.8,26.6,-6.8,304,1095,262,64,1175,15355,19093,80.4,264758,88749,1095,46.2,22816,2643,7657,10092,5265,721,22813,547,335,61.2,212,38.8,13140,604,162,507,244,15224,1165
2021,Aston Villa,1,38,38,3420,38,46,1.21,186,133,78.0,16,7,15,15,39.5,6,5,1,0,16.7,49.2,0.24,4.2,0.11,52,514,178,34.6,13.53,4.68,0.09,0.26,17.3,16,5,6,52.5,47.9,0.1,-0.5,-0.9,12938,16996,76.1,235927,93009,5729,6654,86.1,5222,6209,84.1,1571,3074,51.1,38,37.4,31.4,0.6,403,1086,323,76,1420,16996,15003,1922,590,12,127,779,780,213,106,39,15,12938,71,275,940,24.74,670,91,63,47,58,11,94,2.47,66,8,4,6,9,1,530,282,262,202,66,250,571,43.8,321,438,159,279,387,917,783,17,48.5,21113,2577,6973,8614,5759,947,21107,595,369,62.0,223,37.5,11291,60378,30659,629,463,226,579,337,12832,1403,71,4,4,439,553,282,6,6,1,1906,728,665,52.3,24,38,45,532,180,33.8,14.0,4.74,0.08,0.22,18.1,27,5,6,51.1,46.4,0.09,-6.1,-6.4,14251,18381,77.5,241489,88874,6833,7727,88.4,5491,6601,83.2,1347,2806,48.0,30,31.1,30.1,-1.1,375,1068,362,84,1549,14251,18381,77.5,241489,88874,1068,51.9,22498,2506,7471,9303,5952,955,22492,582,321,55.2,261,44.8,12009,726,200,551,269,14149,1534
2021,Brighton,2,38,38,3420,38,46,1.21,125,81,68.0,9,14,15,12,31.6,7,6,0,1,0.0,35.9,0.24,-8.1,-0.21,39,478,134,28.0,12.58,3.53,0.07,0.25,17.4,15,6,9,50.9,43.8,0.09,-11.9,-10.8,15772,19871,79.4,283213,95248,6694,7654,87.5,6893,7960,86.6,1689,3090,54.7,24,33.2,34.9,-9.2,358,1132,358,80,1516,19871,18111,1708,404,17,164,686,769,219,71,107,2,15772,52,313,847,22.29,628,75,34,55,42,13,63,1.66,47,6,1,4,5,0,628,334,297,251,80,252,603,41.8,351,417,97,320,425,1053,604,8,51.1,23756,2489,7928,10231,5828,885,23747,573,350,61.1,222,38.7,13491,73709,37608,685,468,131,549,306,15634,1495,49,6,2,428,357,334,7,7,2,2040,531,574,48.1,27,38,44,351,119,33.9,9.24,3.13,0.11,0.32,18.6,10,6,7,35.3,29.8,0.09,8.7,8.2,15268,19240,79.4,256988,89029,7274,8189,88.8,6040,7081,85.3,1385,2707,51.2,30,23.3,25.0,6.7,264,1097,264,66,1302,15268,19240,79.4,256988,89029,1097,48.7,23200,2436,7588,10460,5345,677,23193,603,351,58.2,253,42.0,13163,587,141,591,376,15157,1290
2021,Burnley,3,38,38,3420,38,55,1.45,179,125,70.9,10,9,19,11,28.9,3,3,0,0,0.0,49.1,0.26,-4.9,-0.13,32,381,124,32.5,10.03,3.26,0.08,0.23,17.4,15,3,3,39.3,36.9,0.1,-7.3,-7.9,10825,15562,69.6,196816,82192,5117,6058,84.5,3688,4824,76.5,1553,3535,43.9,20,27.7,26.9,-7.7,267,923,292,80,1012,15562,13737,1745,461,10,110,772,721,172,154,5,1,10825,80,263,666,17.53,471,71,28,36,51,9,52,1.37,32,6,4,3,5,2,507,293,241,203,63,229,564,40.6,335,440,180,260,416,923,824,11,42.1,19391,2181,5794,9081,4683,699,19388,403,234,58.1,170,42.2,9240,46385,20946,389,340,75,503,278,10755,1002,48,0,0,384,389,293,3,3,1,2000,874,854,50.6,25,38,54,567,176,31.0,14.92,4.63,0.09,0.29,17.4,13,3,3,54.7,52.3,0.09,-0.7,-1.3,16991,21670,78.4,285021,96838,8139,9265,87.8,6585,7792,84.5,1580,3182,49.7,47,42.5,37.7,4.5,454,1151,402,83,1665,16991,21670,78.4,285021,96838,1151,58.3,25555,2502,8190,11216,6361,975,25552,565,335,59.3,226,40.0,14183,884,219,568,278,16861,1657
2021,Chelsea,3,38,38,3420,38,36,0.95,107,71,69.2,19,10,9,18,47.4,4,3,1,0,25.0,31.4,0.26,-3.6,-0.1,56,546,193,35.3,14.37,5.08,0.09,0.25,17.1,16,8,10,62.4,54.5,0.1,-6.4,-6.5,21969,25799,85.2,360450,112392,10454,11454,91.3,8965,9976,89.9,1667,2703,61.7,38,41.5,37.1,-3.5,448,1441,377,70,1798,25799,24055,1665,402,29,154,749,732,226,77,113,2,21969,79,362,1018,26.79,790,81,42,55,43,7,95,2.5,69,6,4,6,10,0,612,341,257,282,73,231,570,40.5,339,420,83,337,382,994,661,16,60.9,29889,2502,8879,13917,7308,1017,29879,657,359,54.6,298,45.4,17523,90661,48291,895,663,243,585,286,21851,1787,51,3,1,433,364,341,10,4,1,1999,569,515,52.5,27,38,35,332,103,31.0,8.74,2.71,0.1,0.31,19.3,15,3,4,30.3,27.1,0.08,4.7,4.9,12794,16703,76.6,221196,80474,5957,6857,86.9,5039,6036,83.5,1311,2614,50.2,26,20.2,19.6,5.8,241,860,188,32,1062,12794,16703,76.6,221196,80474,860,38.6,20757,2531,7109,9099,4733,565,20753,570,339,59.5,231,40.5,10799,497,107,572,381,12689,1055
2021,Crystal Palace,2,38,38,3420,38,66,1.74,174,107,63.8,12,8,18,8,21.1,4,3,1,0,25.0,51.2,0.28,-14.8,-0.39,39,345,127,36.8,9.08,3.34,0.1,0.28,17.6,18,3,4,34.1,31.0,0.09,4.9,5.0,11627,15597,74.5,193706,81274,5889,6882,85.6,4127,5088,81.1,1131,2449,46.2,29,23.6,23.4,5.4,264,838,232,54,1132,15597,13707,1823,473,8,47,533,772,151,67,29,27,11627,67,351,618,16.26,433,54,52,23,46,10,70,1.84,49,5,6,3,5,2,636,366,329,234,73,283,620,45.6,337,447,138,309,396,1032,774,13,40.6,19798,2193,6917,8697,4410,653,19794,645,365,56.6,280,43.4,10226,56545,26885,526,388,151,596,402,11524,1113,56,2,1,409,436,366,2,4,0,1923,685,658,51.0,24,38,66,535,170,31.8,14.08,4.47,0.12,0.37,16.7,29,3,4,58.2,55.1,0.11,7.8,7.9,19019,23089,82.4,325965,104917,8788,9789,89.8,7498,8536,87.8,1917,3121,61.4,47,42.7,37.4,4.3,401,1457,389,113,1807,19019,23089,82.4,325965,104917,1457,59.9,27169,1926,7042,13508,6808,890,27165,620,337,54.4,283,45.6,16162,666,140,606,353,18907,1798
2021,Everton,3,38,38,3420,38,48,1.26,161,114,72.0,17,8,13,12,31.6,4,3,0,1,0.0,47.8,0.28,0.8,0.02,45,395,143,36.2,10.39,3.76,0.1,0.29,17.2,15,4,5,45.7,41.9,0.11,-0.7,-0.9,14792,18696,79.1,263227,93921,6563,7438,88.2,6125,7073,86.6,1580,2924,54.0,32,30.7,28.7,1.3,300,944,257,60,1184,18696,17021,1610,426,28,121,662,660,167,93,53,3,14792,65,362,710,18.68,514,67,34,43,46,6,80,2.11,54,9,2,10,5,0,640,381,325,242,73,266,664,40.1,398,458,157,301,392,1032,847,19,46.4,22845,2729,8235,10258,4585,643,22840,591,362,61.3,229,38.7,12603,70612,36337,604,443,105,552,344,14706,1177,59,2,0,386,392,381,4,4,1,2030,665,486,57.8,29,38,47,501,158,31.5,13.18,4.16,0.09,0.28,18.0,23,3,4,50.1,46.9,0.1,-3.1,-2.9,17667,21555,82.0,296851,101275,8437,9335,90.4,7182,8211,87.5,1488,2758,54.0,33,33.8,29.0,-0.8,367,1264,313,59,1664,17667,21555,82.0,296851,101275,1264,53.5,25600,2093,7302,12068,6454,873,25596,664,398,59.9,266,40.1,14327,794,181,635,374,17537,1651
2021,Fulham,2,38,38,3420,38,53,1.39,170,118,72.9,5,13,20,9,23.7,7,7,0,0,0.0,54.5,0.29,2.5,0.07,26,436,125,28.7,11.47,3.29,0.05,0.18,18.3,12,3,6,40.5,35.9,0.08,-14.5,-12.9,15401,19512,78.9,270640,94395,6853,7837,87.4,6528,7611,85.8,1529,2866,53.3,18,26.3,25.3,-8.3,334,1019,290,94,1354,19512,17703,1766,469,17,109,710,784,164,54,73,15,15401,43,346,785,20.66,579,65,53,35,47,6,47,1.24,33,2,4,3,4,1,601,329,282,231,88,254,581,43.7,327,356,95,261,437,1038,794,13,49.7,23810,2407,8063,10438,5567,728,23804,795,506,63.6,289,36.4,13417,74354,37397,727,527,156,721,393,15290,1338,67,3,0,484,372,329,5,7,1,2010,649,625,50.9,28,38,52,421,163,38.7,11.08,4.29,0.11,0.28,17.0,27,7,7,52.6,47.2,0.12,-0.6,-2.2,15762,20041,78.6,280391,92136,6859,7867,87.2,6751,7825,86.3,1645,3103,53.0,34,37.4,33.9,-3.4,302,1150,268,82,1327,15762,20041,78.6,280391,92136,1150,50.1,24187,2377,7606,11296,5503,752,24180,581,327,56.3,254,43.7,13534,559,139,555,347,15656,1317
2021,Leeds United,2,38,38,3420,38,54,1.42,198,145,76.8,18,5,15,12,31.6,9,8,1,0,11.1,49.9,0.21,-2.1,-0.06,60,518,193,37.3,13.63,5.08,0.11,0.29,16.9,9,4,4,55.6,52.5,0.1,4.4,3.5,16284,20629,78.9,286488,99274,6970,7933,87.9,7130,8308,85.8,1631,3014,54.1,45,41.9,34.4,3.1,394,1110,349,68,1633,20629,18658,1895,467,27,205,786,809,229,115,78,1,16284,76,364,924,24.32,701,73,45,63,31,11,108,2.84,81,6,8,8,5,0,740,417,378,279,83,310,769,40.3,459,406,149,257,397,1137,646,26,57.3,24873,2750,9043,10345,5695,880,24869,563,318,56.5,245,43.5,14066,80443,44866,811,491,158,667,319,16154,1625,61,1,0,432,410,417,3,9,2,2160,538,605,47.1,23,38,52,549,189,34.4,14.45,4.97,0.08,0.23,18.0,20,8,9,57.9,50.7,0.09,-5.9,-6.7,11293,15291,73.9,188301,85040,5672,6628,85.6,3968,4993,79.5,1131,2498,45.3,36,39.3,30.7,-3.3,422,864,277,36,1201,11293,15291,73.9,188301,85040,864,42.4,19786,2395,6410,8265,5409,875,19777,769,459,59.7,311,40.4,10613,720,184,663,431,11160,1188
2021,Leicester City,1,38,38,3420,38,50,1.32,136,88,66.2,20,6,12,11,28.9,4,4,0,0,0.0,42.2,0.29,-5.8,-0.15,64,473,170,35.9,12.45,4.47,0.11,0.32,18.6,20,10,12,55.8,46.3,0.1,8.2,7.7,17014,21216,80.2,285395,94092,7893,8978,87.9,7010,8113,86.4,1461,2737,53.4,45,33.7,30.1,11.3,360,1209,283,57,1464,21216,19423,1722,474,35,92,649,738,212,61,85,5,17014,71,376,863,22.71,635,49,56,46,54,23,114,3.0,85,3,8,4,10,4,681,403,319,263,99,295,676,43.6,381,386,90,296,438,1119,685,9,54.3,25365,2268,7924,11997,5674,772,25353,645,358,55.5,287,44.5,13991,72340,37072,666,481,142,549,322,16883,1455,61,0,0,413,421,403,11,4,2,2111,600,590,50.4,27,38,48,366,132,36.1,9.63,3.47,0.12,0.33,16.1,17,4,4,46.0,42.9,0.12,2.0,1.1,13803,17998,76.7,243608,83750,6134,7146,85.8,5785,6853,84.4,1440,2807,51.3,29,33.0,30.7,-4.0,277,984,267,64,1254,13803,17998,76.7,243608,83750,984,45.4,22044,2246,7030,10289,4962,656,22040,676,381,56.4,295,43.6,11743,567,108,558,386,13694,1237
2021,Liverpool,3,38,38,3420,38,42,1.11,140,97,72.9,20,9,9,12,31.6,8,4,1,3,20.0,43.9,0.29,1.9,0.05,65,602,204,33.9,15.84,5.37,0.1,0.29,17.1,22,6,6,67.5,62.9,0.11,-2.5,-3.9,21929,26226,83.6,360990,115400,10789,11862,91.0,8747,9940,88.0,1715,2969,57.8,43,48.3,45.6,-5.3,455,1608,524,82,2057,26226,24396,1765,409,44,156,862,811,257,51,147,2,21929,65,357,1068,28.11,818,71,58,61,46,14,110,2.89,77,6,4,14,6,3,526,303,195,231,100,220,543,40.5,323,338,58,280,347,873,563,20,62.1,30073,2075,7215,14867,8242,1211,30067,696,407,58.5,288,41.4,19103,96220,50778,886,754,249,592,387,21796,2041,40,0,0,396,316,303,4,8,0,2202,537,572,48.4,28,38,42,324,135,41.7,8.53,3.55,0.12,0.28,17.4,12,4,8,43.0,36.9,0.12,-1.0,1.1,11888,15987,74.4,211717,83732,5448,6343,85.9,4442,5433,81.8,1470,2956,49.7,29,27.1,19.3,1.9,240,789,198,55,972,11888,15987,74.4,211717,83732,789,37.6,20453,3150,8670,8259,3747,575,20445,543,323,59.5,220,40.5,9977,539,141,565,306,11775,952
2021,Manchester City,3,38,38,3420,38,32,0.84,100,67,76.0,27,5,6,19,50.0,10,8,2,0,20.0,32.0,0.23,1.0,0.03,82,590,211,35.8,15.53,5.55,0.13,0.36,17.2,21,5,9,68.2,61.2,0.11,13.8,15.8,23819,27167,87.7,390212,110951,11548,12409,93.1,9673,10628,91.0,1771,2616,67.7,55,45.4,43.3,9.6,433,1772,412,41,2051,27167,25546,1564,423,38,146,632,656,247,73,86,4,23819,57,320,1067,28.08,801,61,90,57,43,15,141,3.71,100,3,17,13,6,2,498,271,198,212,88,234,576,40.6,342,310,82,228,319,817,453,11,63.5,30700,1912,6477,15960,8504,1196,30691,783,485,61.9,298,38.1,20039,106424,59443,1096,863,340,510,350,23640,2033,46,2,0,361,372,271,7,10,1,1946,479,417,53.5,24,38,31,273,90,33.0,7.18,2.37,0.08,0.26,18.6,15,8,10,30.2,22.3,0.08,0.8,0.7,12270,15654,78.4,210049,76181,5835,6612,88.2,4783,5559,86.0,1198,2471,48.5,17,15.0,14.9,2.0,200,707,180,43,850,12270,15654,78.4,210049,76181,707,36.1,19457,2984,8113,8067,3501,487,19447,576,342,59.4,231,40.1,10888,537,125,501,264,12194,840
2021,Manchester Utd,2,38,38,3420,38,44,1.16,141,98,71.6,21,11,6,13,34.2,4,4,0,0,0.0,39.3,0.25,-2.7,-0.07,70,515,196,38.1,13.55,5.16,0.12,0.31,18.1,21,10,11,60.1,51.4,0.1,9.9,8.6,18800,22624,83.1,310438,100811,9248,10259,90.1,7258,8255,87.9,1597,2585,61.8,51,41.6,38.2,9.4,414,1419,377,54,1832,22624,20810,1738,433,34,211,640,760,197,83,87,4,18800,76,401,953,25.08,720,73,46,58,46,10,127,3.34,94,5,8,9,9,2,551,311,252,239,60,231,572,40.4,341,418,116,302,386,937,634,20,55.7,26617,2222,7609,11950,7323,921,26606,711,415,58.4,293,41.2,15481,88886,47495,877,666,201,536,360,18671,1817,64,1,0,452,400,311,9,4,2,2124,546,413,56.9,29,38,42,424,137,32.3,11.16,3.61,0.09,0.28,17.8,14,4,4,41.4,38.4,0.09,0.6,-0.4,14217,18081,78.6,248094,86185,6334,7157,88.5,6059,6998,86.6,1350,2750,49.1,28,28.7,23.7,-0.7,314,983,241,58,1229,14217,18081,78.6,248094,86185,983,44.2,22325,2587,8167,9359,5007,700,22321,578,341,59.0,237,41.0,11878,573,158,540,314,14115,1220
2021,Newcastle Utd,2,38,38,3420,38,62,1.63,188,128,69.1,12,9,17,7,18.4,5,4,1,0,20.0,53.8,0.26,-5.2,-0.14,44,390,130,33.3,10.26,3.42,0.1,0.29,18.3,25,6,7,43.4,37.8,0.1,0.6,0.2,10839,14709,73.7,197161,77098,4828,5635,85.7,4197,5131,81.8,1387,2879,48.2,26,29.0,21.1,-3.0,289,739,207,83,903,14709,12864,1787,464,12,122,652,724,161,67,51,20,10839,58,321,688,18.11,454,85,51,36,56,6,75,1.97,46,7,6,7,7,2,512,268,257,213,42,207,547,37.8,340,423,160,263,362,874,908,10,38.8,18774,2524,7166,7894,3941,552,18767,587,350,59.6,237,40.4,9605,51309,24707,467,376,114,519,297,10730,888,65,3,2,388,420,268,6,5,3,1770,634,655,49.2,27,38,59,567,183,32.3,14.92,4.82,0.1,0.3,17.7,17,4,5,58.3,54.4,0.1,0.7,0.6,19529,23488,83.1,331914,107230,9151,10102,90.6,7970,9045,88.1,1779,3027,58.8,41,40.5,38.1,0.5,435,1562,377,82,1771,19529,23488,83.1,331914,107230,1562,61.8,27300,2012,6945,13456,7127,997,27295,548,340,62.0,207,37.8,15912,851,192,554,305,19388,1756
2021,Sheffield Utd,1,38,38,3420,38,63,1.66,206,145,70.9,7,2,29,5,13.2,4,3,0,1,0.0,54.3,0.26,-5.7,-0.15,19,319,92,28.8,8.39,2.42,0.05,0.17,17.7,5,3,4,32.6,29.5,0.09,-13.6,-13.5,12146,16264,74.7,207510,78589,6006,6905,87.0,4331,5303,81.7,1277,2840,45.0,13,24.9,22.0,-11.9,253,946,253,65,1196,16264,14542,1649,347,13,115,666,750,170,118,29,4,12146,73,308,567,14.92,435,48,27,29,23,5,27,0.71,16,3,2,3,3,0,634,356,325,239,70,294,720,40.8,426,442,152,290,351,985,839,19,41.7,20351,2314,6405,8599,5537,615,20347,475,269,56.6,207,43.6,10178,54344,27029,491,398,104,536,323,12037,1183,73,3,0,459,293,356,3,4,3,1802,718,798,47.4,27,38,60,539,203,37.7,14.18,5.34,0.11,0.28,17.5,24,3,4,62.2,59.1,0.11,-2.2,-2.1,18988,23109,82.2,332024,108633,8549,9548,89.5,7891,8978,87.9,1931,3231,59.8,45,45.0,38.5,0.0,415,1211,322,62,1606,18988,23109,82.2,332024,108633,1211,58.5,26977,2292,8278,12514,6434,912,26973,720,426,59.2,294,40.8,15796,828,190,553,340,18866,1597
2021,Southampton,2,38,38,3420,38,68,1.79,178,110,66.3,12,7,19,9,23.7,9,8,1,0,11.1,56.2,0.27,-10.8,-0.28,47,418,157,37.6,11.0,4.13,0.1,0.27,18.6,20,5,6,41.2,36.6,0.09,5.8,5.4,14928,19288,77.4,239028,85450,7587,8659,87.6,5629,6690,84.1,1099,2547,43.1,33,25.8,22.2,7.2,294,894,261,36,1195,19288,17388,1824,496,16,87,554,809,177,82,79,8,14928,76,343,728,19.16,513,63,42,47,51,12,83,2.18,49,8,6,7,11,2,727,419,335,325,67,341,731,46.6,390,439,95,344,401,1128,681,10,52.0,23607,2302,7497,11566,4756,698,23601,601,343,57.1,258,42.9,12535,66172,33536,626,517,126,638,386,14818,1190,52,3,0,428,421,419,4,9,1,2010,527,713,42.5,29,38,67,419,169,40.3,11.03,4.45,0.14,0.35,16.7,15,8,9,53.1,46.1,0.11,13.9,12.9,13758,18167,75.7,242975,90628,6165,7308,84.4,5661,6801,83.2,1460,2755,53.0,44,34.6,30.0,9.4,316,1025,297,63,1407,13758,18167,75.7,242975,90628,1025,47.8,22361,2207,7097,10104,5351,831,22352,731,390,53.4,341,46.6,11913,555,187,600,386,13664,1389
2021,Tottenham,1,38,38,3420,38,45,1.18,155,113,77.4,18,8,12,12,31.6,10,10,0,0,0.0,45.6,0.24,3.6,0.1,66,438,167,38.1,11.53,4.39,0.14,0.37,18.0,35,5,5,53.1,49.2,0.12,12.9,11.8,16508,20571,80.2,274912,94098,7801,8828,88.4,6561,7603,86.3,1393,2672,52.1,50,35.3,25.3,14.7,316,1035,257,54,1330,20571,18738,1788,524,28,147,526,750,168,117,37,0,16508,45,361,786,20.68,553,55,56,49,56,17,120,3.16,86,6,13,8,6,1,636,361,313,244,79,277,683,40.6,406,434,147,287,342,978,795,15,51.6,24670,2577,7991,11935,4997,700,24665,715,403,56.4,312,43.6,13842,73058,37183,633,506,152,519,334,16404,1316,57,2,2,440,468,361,5,10,3,1951,618,647,48.9,24,38,42,476,145,30.5,12.53,3.82,0.07,0.22,17.4,9,10,10,49.1,41.2,0.09,-7.1,-9.2,15362,19385,79.2,259562,90518,7308,8243,88.7,6007,7044,85.3,1461,2785,52.5,24,31.8,31.9,-7.8,376,1138,345,77,1514,15362,19385,79.2,259562,90518,1138,48.3,23499,2113,6735,10940,6067,901,23489,683,406,59.4,277,40.6,13448,723,196,591,359,15238,1499
2021,West Brom,2,38,38,3420,38,76,2.0,240,166,71.3,5,11,22,6,15.8,11,7,1,3,12.5,68.0,0.25,-5.0,-0.13,33,335,106,31.6,8.82,2.79,0.09,0.27,18.4,16,4,4,35.8,32.7,0.1,-2.8,-3.7,9769,13978,69.9,177501,75746,4418,5278,83.7,3696,4783,77.3,1273,2924,43.5,20,24.4,21.3,-4.4,241,822,196,60,1027,13978,12147,1756,463,13,105,604,727,144,75,21,16,9769,75,275,568,14.95,407,60,26,27,39,9,53,1.39,40,3,1,3,5,1,581,328,329,192,60,271,656,41.3,385,455,159,296,435,1016,876,13,37.9,18247,2539,6670,7517,4237,578,18242,505,264,52.3,241,47.7,8262,44861,21527,441,283,103,613,313,9668,1017,51,4,0,404,412,328,4,11,3,1963,709,771,47.9,30,38,73,588,232,39.5,15.47,6.11,0.11,0.28,17.7,24,7,11,67.9,59.3,0.1,5.1,6.7,18892,23277,81.2,316702,107899,9018,10152,88.8,7663,8828,86.8,1599,2948,54.2,52,44.1,42.0,7.9,452,1470,395,84,1802,18892,23277,81.2,316702,107899,1470,62.4,27177,2092,7386,12659,7357,1039,27166,656,385,58.7,271,41.3,15605,931,209,585,310,18747,1778
2021,West Ham,2,38,38,3420,38,47,1.24,147,103,70.1,19,8,11,11,28.9,5,3,1,1,25.0,42.0,0.27,-1.0,-0.03,60,464,158,34.1,12.21,4.16,0.13,0.37,16.1,17,2,4,55.4,52.1,0.12,4.6,5.9,12725,16901,75.3,225666,88791,5888,6864,85.8,4948,6052,81.8,1470,2860,51.4,46,39.6,31.9,6.4,340,1037,238,95,1282,16901,15140,1687,398,15,109,775,741,167,92,60,1,12725,74,357,823,21.66,576,92,37,56,53,9,106,2.79,73,12,1,13,7,0,514,280,269,195,50,224,573,39.1,349,405,124,281,437,951,779,11,43.2,20810,2294,6638,9343,5060,761,20806,542,298,55.0,244,45.0,10960,63334,30416,658,455,152,491,318,12606,1263,50,3,1,375,354,280,3,5,4,2005,738,677,52.2,24,38,43,459,143,31.2,12.08,3.76,0.09,0.28,18.2,18,3,5,48.7,44.8,0.1,-5.7,-4.8,18302,22463,81.5,304474,101522,8776,9741,90.1,7354,8481,86.7,1485,2815,52.8,34,36.6,32.8,-2.6,359,1427,353,83,1698,18302,22463,81.5,304474,101522,1427,57.1,26356,2267,7385,12947,6280,847,26350,573,349,60.9,224,39.1,15829,826,169,554,290,18163,1679
2021,Wolves,2,38,38,3420,38,52,1.37,152,102,70.4,12,9,17,10,26.3,8,7,1,0,12.5,46.2,0.25,-2.8,-0.07,34,459,149,32.5,12.08,3.92,0.07,0.2,18.5,18,4,4,36.5,33.4,0.08,-2.5,-3.4,15548,19225,80.9,275061,93014,6990,7796,89.7,6320,7342,86.1,1742,2944,59.2,21,24.1,23.9,-3.1,345,1117,213,85,1283,19225,17437,1751,444,20,141,775,735,208,65,70,3,15548,37,336,821,21.61,572,74,68,47,46,14,63,1.66,39,4,7,7,5,1,588,335,322,220,46,277,611,45.3,334,359,117,242,432,1020,727,15,49.3,23259,2190,7246,11020,5206,694,23255,779,468,60.1,311,39.9,13272,72908,38578,800,566,177,592,309,15405,1266,55,1,1,426,383,335,3,8,3,1899,576,596,49.1,27,38,49,434,144,33.2,11.42,3.79,0.1,0.29,17.0,18,7,8,49.5,43.2,0.1,-0.5,-1.2,16265,19966,81.5,278356,95675,7713,8610,89.6,6476,7483,86.5,1534,2713,56.5,34,31.1,30.4,2.9,326,1166,324,71,1574,16265,19966,81.5,278356,95675,1166,50.7,23862,2112,6459,11712,5889,832,23854,611,334,54.7,277,45.3,13749,698,152,509,311,16144,1555
2122,Arsenal,2,38,38,3420,38,48,1.26,147,100,70.7,22,3,13,13,34.2,6,5,0,1,0.0,47.6,0.29,0.6,0.02,60,581,186,32.0,15.29,4.89,0.09,0.3,17.8,21,5,8,60.5,55.1,0.1,-0.5,-0.1,16176,19843,81.5,280868,91114,7325,8210,89.2,7187,8140,88.3,1326,2584,51.3,41,40.2,34.6,0.8,437,1354,329,74,1655,19843,18149,1628,404,77,132,633,679,208,153,23,5,16176,66,309,1030,27.11,788,68,57,66,39,12,99,2.61,69,8,4,13,4,1,540,311,261,195,84,244,500,48.8,256,386,123,263,296,836,658,20,52.8,23780,2227,7151,10336,6491,982,23772,590,319,54.1,271,45.9,13993,73530,39388,734,494,223,557,337,16066,1642,67,4,3,365,357,311,6,6,1,1861,463,572,44.7,27,38,47,419,142,33.9,11.03,3.74,0.1,0.3,17.6,16,5,6,45.7,40.9,0.1,1.3,1.1,14226,18005,79.0,245457,86660,6562,7418,88.5,5816,6793,85.6,1365,2710,50.4,33,33.3,27.7,-0.3,316,996,255,71,1191,14226,18005,79.0,245457,86660,996,46.8,21955,2653,7787,9302,5062,720,21949,500,256,51.2,244,48.8,12516,556,140,550,296,14105,1182
2122,Aston Villa,3,38,38,3420,38,54,1.42,149,96,66.4,13,6,19,11,28.9,6,4,1,1,20.0,46.5,0.29,-5.5,-0.14,50,461,159,34.5,12.13,4.18,0.1,0.3,17.6,20,3,3,44.0,42.0,0.09,6.0,5.0,12748,16499,77.3,220973,85405,5916,6803,87.0,5184,6136,84.5,1239,2571,48.2,42,34.8,30.0,7.2,356,1019,293,70,1300,16499,14615,1832,525,71,97,670,716,196,111,42,11,12748,52,278,837,22.03,608,85,49,41,48,6,93,2.45,65,9,9,7,3,0,634,382,300,259,75,300,649,46.2,349,453,140,313,339,973,693,13,46.5,20609,2411,6876,8896,5049,825,20606,587,333,56.7,254,43.3,11796,62511,31674,653,422,166,595,344,12668,1293,81,2,1,401,504,382,2,6,2,1850,538,561,49.0,31,38,52,471,144,30.6,12.39,3.79,0.1,0.33,17.4,22,4,6,49.0,44.1,0.1,3.0,3.9,15222,19079,79.8,275493,94504,6575,7465,88.1,6449,7500,86.0,1718,2960,58.0,35,33.7,30.1,1.3,348,1094,276,61,1514,15222,19079,79.8,275493,94504,1094,53.5,23096,2362,7680,10237,5398,852,23090,649,349,53.8,300,46.2,12899,741,222,542,334,15104,1499
2122,Brentford,3,38,38,3420,38,56,1.47,179,125,71.5,13,7,18,9,23.7,5,5,0,0,0.0,49.4,0.25,-4.6,-0.12,46,436,141,32.3,11.47,3.71,0.09,0.28,16.3,11,6,6,45.8,41.1,0.1,0.2,-1.1,11676,16272,71.8,211867,85983,5201,6312,82.4,4797,6120,78.4,1357,2852,47.6,33,33.0,33.8,0.0,311,942,262,81,1189,16272,14443,1763,432,50,70,640,778,159,84,47,9,11676,66,333,739,19.45,487,96,37,62,43,14,78,2.05,46,11,4,8,9,0,607,342,299,228,80,291,616,47.2,325,383,113,270,393,1000,863,7,44.8,20462,2793,7862,8201,4566,819,20456,476,262,55.0,214,45.0,10280,49925,26085,450,332,102,563,291,11565,1170,65,3,2,371,363,342,6,5,2,2061,717,728,49.6,29,38,54,498,174,34.9,13.11,4.58,0.1,0.28,18.2,22,5,5,48.5,44.6,0.09,5.5,4.4,15770,20238,77.9,263462,90458,7861,8970,87.6,5946,7075,84.0,1434,2945,48.7,41,34.7,32.3,6.3,359,1331,339,101,1523,15770,20238,77.9,263462,90458,1331,55.5,24462,2251,6892,11000,6765,838,24457,616,325,52.8,291,47.2,13970,734,164,618,316,15638,1517
2122,Brighton,2,38,38,3419,38,44,1.16,146,102,71.9,12,15,11,11,28.9,4,3,0,1,0.0,42.5,0.28,-1.5,-0.04,40,482,141,29.3,12.68,3.71,0.07,0.26,17.7,15,4,7,46.2,40.7,0.09,-6.2,-4.7,16410,20588,79.7,288827,95307,7195,8172,88.0,7130,8208,86.9,1579,2953,53.5,30,32.3,31.5,-2.3,356,1187,342,72,1547,20588,18838,1697,390,58,152,728,784,200,84,96,0,16410,53,397,870,22.89,630,84,49,55,40,12,72,1.89,49,8,4,6,4,1,668,403,306,257,105,243,563,43.2,320,480,150,330,358,1026,723,12,54.4,24854,2629,8034,10520,6505,876,24847,559,317,56.7,242,43.3,13919,68537,35095,676,519,139,598,349,16278,1529,72,2,0,393,355,403,4,4,0,2154,569,498,53.3,26,38,44,472,143,30.3,12.42,3.76,0.09,0.29,18.6,21,3,4,42.9,39.8,0.09,1.1,1.2,13304,17380,76.5,231327,84959,6148,7119,86.4,5425,6514,83.3,1321,2648,49.9,34,30.0,25.7,4.0,342,996,255,58,1263,13304,17380,76.5,231327,84959,996,45.3,21578,2394,7672,8761,5358,830,21574,564,320,56.7,243,43.1,11610,642,197,581,425,13173,1250
2122,Burnley,2,38,38,3420,38,53,1.39,178,127,73.0,7,14,17,9,23.7,5,5,0,0,0.0,47.5,0.25,-3.5,-0.09,32,405,119,29.4,10.66,3.13,0.08,0.26,17.2,14,1,2,39.7,38.1,0.1,-7.7,-7.1,9454,14107,67.0,178791,80195,4297,5327,80.7,3306,4472,73.9,1457,3216,45.3,26,31.2,28.0,-5.2,286,877,240,84,972,14107,12275,1731,370,32,135,747,783,183,152,14,1,9454,101,334,674,17.74,455,81,28,50,50,10,60,1.58,39,9,5,3,4,0,590,324,273,235,82,250,534,46.8,284,509,211,298,410,1000,887,18,40.2,18371,2247,5842,8051,4686,663,18369,479,258,53.9,221,46.1,8229,42272,19061,388,300,84,540,291,9342,958,68,2,0,394,332,324,2,5,2,2027,827,733,53.0,23,38,51,598,173,28.9,15.74,4.55,0.08,0.27,17.7,16,5,5,57.1,53.2,0.09,-6.1,-7.2,16821,21508,78.2,288649,99233,8023,9188,87.3,6678,7936,84.1,1592,3140,50.7,36,40.7,35.7,-4.7,459,1221,407,83,1711,16821,21508,78.2,288649,99233,1221,60.2,25638,2435,8341,10906,6613,1094,25633,534,284,53.2,250,46.8,14368,865,253,571,340,16680,1694
2122,Chelsea,2,38,38,3420,38,33,0.87,115,83,76.5,21,11,6,16,42.1,6,6,0,0,0.0,31.6,0.22,-0.4,-0.01,75,583,200,34.3,15.34,5.26,0.11,0.34,17.4,26,8,9,63.4,56.6,0.1,11.6,10.4,21190,24888,85.1,342325,113085,10628,11617,91.5,8318,9322,89.2,1524,2514,60.6,52,44.9,42.6,7.1,439,1614,437,66,1967,24888,23158,1661,434,77,101,745,713,241,113,100,0,21190,69,364,1064,28.0,818,62,48,75,49,12,135,3.55,97,9,8,10,9,2,621,348,267,269,85,257,567,45.3,310,408,96,312,347,968,641,15,61.8,28975,2279,7926,13385,7881,1066,28966,624,364,58.3,260,41.7,17090,86187,46504,894,729,243,591,383,21040,1956,63,1,0,409,392,348,8,6,1,2084,538,486,52.5,26,38,32,335,109,32.5,8.82,2.87,0.08,0.24,18.1,11,6,6,33.2,28.9,0.09,-1.2,-2.9,11678,15424,75.7,201519,77479,5484,6336,86.6,4597,5508,83.5,1187,2493,47.6,20,21.7,21.0,-1.7,232,830,209,60,1004,11678,15424,75.7,201519,77479,830,37.7,19624,2723,7393,7923,4499,614,19618,567,310,54.7,257,45.3,10135,495,130,592,364,11579,993
2122,Crystal Palace,2,38,38,3420,38,46,1.21,144,99,70.1,11,15,12,12,31.6,4,3,1,0,25.0,38.5,0.24,-5.5,-0.14,50,404,140,34.7,10.63,3.68,0.11,0.31,16.1,13,6,8,46.4,40.1,0.1,3.6,3.9,14983,19081,78.5,265538,92523,6553,7495,87.4,6521,7610,85.7,1467,2871,51.1,31,31.0,30.2,0.0,305,990,270,75,1229,19081,17115,1903,528,40,120,643,844,175,88,44,8,14983,63,316,711,18.71,500,63,43,46,43,16,81,2.13,53,3,7,8,9,1,637,374,323,236,78,273,575,47.5,302,452,135,317,333,970,761,5,51.1,23466,2753,8764,9989,4943,749,23458,687,382,55.6,305,44.4,13129,65928,33176,592,410,149,671,471,14878,1214,69,1,1,414,481,374,6,4,2,2103,610,618,49.7,24,38,44,439,140,31.9,11.55,3.68,0.09,0.29,17.9,20,3,4,40.7,37.6,0.09,3.3,3.4,14264,18471,77.2,250760,90242,6523,7559,86.3,5776,6884,83.9,1503,2862,52.5,30,28.3,29.8,1.7,304,1193,287,74,1402,14264,18471,77.2,250760,90242,1193,49.1,22794,2209,7021,10187,5794,794,22790,575,302,52.5,273,47.5,12186,563,135,652,364,14161,1394
2122,Everton,2,38,38,3420,38,66,1.74,188,127,66.0,11,6,21,8,21.1,2,2,0,0,0.0,55.9,0.29,-5.1,-0.13,42,430,130,30.2,11.32,3.42,0.08,0.28,17.7,18,6,7,41.2,35.8,0.08,0.8,0.2,10366,14557,71.2,184813,76163,4889,5859,83.4,3844,4901,78.4,1215,2704,44.9,29,28.5,25.1,0.5,323,898,255,77,1100,14557,12746,1758,413,30,70,653,783,161,83,60,0,10366,53,345,742,19.53,533,69,43,42,45,10,68,1.79,46,4,4,6,8,0,705,402,369,252,84,336,735,45.7,399,496,140,356,365,1070,815,15,40.0,19075,2289,6394,7899,5013,728,19068,634,337,53.2,295,46.5,9422,53443,25599,512,388,143,640,325,10276,1086,82,6,2,368,388,402,7,2,5,2023,634,725,46.7,33,38,61,520,186,35.8,13.68,4.89,0.11,0.32,17.7,19,2,2,55.4,53.9,0.11,5.6,5.1,18019,22270,80.9,314878,107051,8044,9158,87.8,7922,9036,87.7,1610,2872,56.1,46,41.8,36.2,4.2,372,1448,329,74,1799,18019,22270,80.9,314878,107051,1448,60.3,26579,2286,7934,12214,6624,880,26577,735,399,54.3,336,45.7,14994,735,160,664,369,17894,1782
2122,Leeds United,2,38,38,3420,38,79,2.08,224,146,67.0,9,11,18,5,13.2,5,5,0,0,0.0,62.4,0.26,-15.6,-0.41,42,480,142,29.6,12.63,3.74,0.08,0.26,18.3,13,5,5,44.4,40.4,0.09,-2.4,-3.4,13989,18288,76.5,242664,89161,6271,7285,86.1,5921,7050,84.0,1325,2754,48.1,26,31.3,25.1,-5.3,347,995,272,53,1483,18288,16432,1793,417,66,140,648,798,170,100,38,3,13989,63,368,825,21.71,589,68,52,60,42,14,66,1.74,36,2,10,10,5,3,787,437,396,298,93,408,886,46.0,478,473,143,330,395,1182,621,15,52.3,22705,2608,8521,9502,4919,789,22700,655,339,51.8,316,48.2,12260,67099,36354,671,412,170,676,298,13865,1467,101,3,0,469,368,437,4,5,1,2260,470,626,42.9,29,38,78,576,219,38.0,15.16,5.76,0.13,0.33,17.3,23,5,5,67.8,64.0,0.11,10.2,9.0,13019,17052,76.3,231597,94507,5810,6807,85.4,5455,6544,83.4,1383,2657,52.1,59,48.5,38.0,10.5,436,1003,309,58,1359,13019,17052,76.3,231597,94507,1003,47.5,21610,2367,7145,9288,5440,949,21605,886,478,54.0,408,46.0,11522,700,208,675,379,12886,1339
2122,Leicester City,2,38,38,3420,38,59,1.55,192,132,72.9,14,10,14,7,18.4,9,7,2,0,22.2,56.9,0.26,-1.1,-0.03,62,433,164,37.9,11.39,4.32,0.14,0.37,17.8,14,2,2,47.8,46.2,0.11,14.2,13.8,16129,20137,80.1,269547,94214,7751,8789,88.2,6573,7579,86.7,1329,2581,51.5,46,34.2,26.9,11.8,312,1025,254,57,1356,20137,18268,1809,457,65,105,556,769,185,113,42,2,16129,60,379,745,19.61,566,41,48,42,33,15,105,2.76,81,3,4,8,5,4,690,384,336,270,84,306,720,42.5,414,469,146,323,367,1057,777,15,52.0,24409,2771,8575,11067,4962,746,24407,547,297,54.3,250,45.7,13897,68708,34763,622,467,157,601,368,16036,1351,55,1,0,356,396,384,1,9,1,2015,530,553,48.9,28,38,58,556,183,32.9,14.63,4.82,0.09,0.28,16.4,15,7,9,59.3,52.6,0.1,-1.3,-1.6,14828,18823,78.8,262901,92485,6675,7635,87.4,6259,7300,85.7,1512,2798,54.0,36,39.8,38.1,-3.8,415,1210,342,77,1496,14828,18823,78.8,262901,92485,1210,47.9,23094,2218,7065,10268,6018,1025,23085,720,414,57.5,306,42.5,13115,732,208,598,384,14699,1481
2122,Liverpool,2,38,38,3420,38,26,0.68,107,82,75.7,28,8,2,21,55.3,0,0,0,0,,26.6,0.26,1.6,0.04,94,721,237,32.9,18.97,6.24,0.12,0.37,16.7,13,7,8,88.7,82.7,0.12,5.3,4.3,21163,25552,82.8,370621,127087,9420,10506,89.7,9245,10569,87.5,2000,3211,62.3,71,63.5,56.2,7.5,527,1878,511,92,2243,25552,23742,1747,436,112,167,897,780,282,47,207,0,21163,63,374,1249,32.87,912,105,63,104,49,16,163,4.29,121,9,9,19,5,0,554,320,207,240,107,233,576,40.5,343,359,74,285,340,894,523,8,62.7,29575,2130,7195,14176,8419,1377,29567,635,343,54.0,291,45.8,17262,84190,45325,885,672,290,590,366,21042,2227,50,1,0,363,286,320,5,0,1,2265,571,467,55.0,27,38,25,297,107,36.0,7.82,2.82,0.08,0.23,17.2,14,0,0,33.8,33.8,0.12,-8.8,-8.8,11072,15214,72.8,197409,78984,5182,6086,85.1,4238,5248,80.8,1287,2809,45.8,18,27.5,24.0,-9.5,227,750,199,51,912,11072,15214,72.8,197409,78984,750,36.7,19789,3363,8838,7652,3510,540,19789,577,343,59.4,233,40.4,10261,469,139,655,321,10987,898
2122,Manchester City,2,38,38,3420,38,26,0.68,85,59,70.6,29,6,3,21,55.3,1,1,0,0,0.0,25.8,0.29,-0.2,-0.01,96,704,237,33.7,18.53,6.24,0.13,0.38,16.3,17,7,9,88.7,81.4,0.12,7.3,7.6,24406,27902,87.5,412596,117964,11713,12605,92.9,10158,11162,91.0,1972,2895,68.1,63,65.5,57.1,-2.5,536,2110,535,74,2421,27902,26239,1597,406,102,192,869,664,316,154,50,4,24406,66,355,1286,33.84,997,78,70,88,42,11,158,4.16,112,10,6,19,8,3,498,284,183,214,101,227,509,44.6,282,267,55,212,279,777,403,7,67.9,31381,1837,6566,15281,9729,1499,31372,741,425,57.4,316,42.6,21064,110018,61200,1145,840,386,497,316,24212,2402,42,1,0,321,330,284,7,1,0,1967,482,397,54.8,26,38,26,236,84,35.6,6.21,2.21,0.11,0.3,17.2,9,1,1,24.6,23.9,0.1,1.4,1.1,9984,13251,75.3,181301,71712,4365,5046,86.5,4222,4971,84.9,1104,2399,46.0,23,19.0,17.4,4.0,182,590,151,35,757,9984,13251,75.3,181301,71712,590,31.5,17313,3457,8404,6269,2844,464,17312,509,282,55.4,227,44.6,9091,392,119,510,271,9919,749
2122,Manchester Utd,1,38,38,3420,38,57,1.5,180,124,70.0,16,10,12,8,21.1,5,3,2,0,40.0,55.1,0.29,1.1,0.03,56,503,179,35.6,13.24,4.71,0.11,0.3,17.7,19,3,5,55.8,51.9,0.11,0.2,1.1,16690,20641,80.9,280259,93084,8162,9234,88.4,6398,7436,86.0,1548,2626,58.9,46,42.5,37.1,3.5,407,1315,312,65,1568,20641,18862,1691,376,80,187,659,725,197,74,88,0,16690,88,369,917,24.13,706,65,56,38,39,13,104,2.74,77,6,6,7,5,3,585,358,320,197,68,265,608,43.6,343,404,133,271,340,925,704,20,52.7,24652,2256,7391,11141,6331,883,24647,631,368,58.3,263,41.7,13954,76394,41495,784,587,213,538,333,16590,1562,77,2,1,396,320,358,3,5,3,2071,555,443,55.6,29,38,54,506,175,34.6,13.32,4.61,0.1,0.29,17.7,14,3,5,53.0,49.4,0.1,1.0,1.6,15051,18933,79.5,256170,90545,7180,8073,88.9,6013,7001,85.9,1373,2712,50.6,41,39.0,33.8,2.0,367,1088,303,61,1404,15051,18933,79.5,256170,90545,1088,47.1,23079,2490,7246,10393,5671,814,23074,608,343,56.4,265,43.6,13079,672,173,547,320,14963,1396
2122,Newcastle Utd,3,38,38,3420,38,62,1.63,165,104,65.5,13,10,15,8,21.1,6,5,1,0,16.7,52.3,0.29,-7.7,-0.2,41,446,142,31.8,11.74,3.74,0.09,0.27,18.1,15,3,3,38.1,35.9,0.08,2.9,2.1,10201,14036,72.7,188373,77685,4545,5432,83.7,3917,4880,80.3,1343,2746,48.9,23,25.8,23.3,-2.8,308,791,193,55,923,14036,12203,1762,415,31,114,592,743,160,90,46,14,10201,71,281,758,19.95,504,81,61,57,44,11,70,1.84,46,4,5,9,6,0,659,383,334,266,59,304,641,47.4,337,420,162,258,360,1019,776,14,40.4,18281,2310,6731,7483,4314,727,18278,632,359,56.8,273,43.2,9243,50896,23964,544,397,163,622,359,10113,911,81,2,1,392,366,383,1,6,2,1835,677,619,52.2,29,38,60,524,159,30.3,13.79,4.18,0.1,0.35,17.6,23,5,6,57.1,52.6,0.1,2.9,2.4,17236,21214,81.2,291031,95996,8392,9334,89.9,6907,8022,86.1,1472,2768,53.2,43,42.7,36.0,0.3,398,1419,330,60,1725,17236,21214,81.2,291031,95996,1419,60.1,25217,2219,6731,12257,6462,909,25211,641,337,52.6,304,47.4,14551,774,193,562,355,17121,1709
2122,Norwich City,2,38,38,3420,38,84,2.21,222,139,66.2,5,7,26,6,15.8,12,9,1,2,10.0,67.6,0.27,-14.4,-0.38,21,370,104,28.1,9.74,2.74,0.05,0.17,19.0,18,3,3,32.3,30.0,0.08,-11.3,-12.0,12164,16070,75.7,217007,80065,5578,6484,86.0,4912,5949,82.6,1369,2757,49.7,16,24.3,23.7,-8.3,264,739,226,46,1031,16070,14176,1839,474,50,153,568,766,165,90,60,2,12164,55,306,637,16.76,435,67,41,33,50,11,35,0.92,27,2,1,1,3,1,614,368,322,242,50,297,714,41.6,417,450,180,270,381,995,860,14,42.9,20234,2911,8245,8047,4167,601,20231,581,298,51.3,283,48.7,11136,60854,30074,566,356,126,548,313,12047,1018,57,1,1,356,431,368,2,12,2,1887,493,598,45.2,28,38,82,619,212,34.2,16.29,5.58,0.12,0.34,16.9,16,9,12,75.5,66.3,0.11,6.5,6.7,17698,21657,81.7,302423,101969,8331,9312,89.5,7126,8252,86.4,1671,2885,57.9,57,54.4,43.7,2.6,468,1508,392,82,1773,17698,21657,81.7,302423,101969,1508,57.5,25642,1977,6870,11765,7247,1136,25630,714,417,58.4,297,41.6,14991,822,257,560,317,17581,1756
2122,Southampton,3,38,38,3420,38,67,1.76,183,118,64.5,9,13,16,8,21.1,2,2,0,0,0.0,57.2,0.31,-7.8,-0.21,41,478,161,33.7,12.58,4.24,0.08,0.23,17.7,24,4,4,44.8,41.6,0.09,-3.8,-4.6,12505,16941,73.8,211003,80089,6089,7173,84.9,4893,6093,80.3,1112,2591,42.9,26,32.5,28.7,-6.5,353,1016,249,58,1326,16941,15115,1784,411,43,81,711,750,233,106,105,4,12505,42,343,814,21.42,585,68,43,51,49,18,71,1.87,44,5,6,4,9,3,602,340,285,243,74,248,581,42.7,333,430,132,298,446,1048,795,13,47.7,21418,2216,6541,9409,5713,830,21414,624,350,56.1,274,43.9,11085,62327,31425,728,561,197,626,366,12388,1314,65,2,1,402,363,340,4,2,2,2224,672,726,48.1,25,38,65,493,181,36.7,12.97,4.76,0.13,0.35,16.2,11,2,2,60.0,58.5,0.12,5.0,4.5,14361,18812,76.3,252156,96214,6549,7740,84.6,5804,7009,82.8,1499,2833,52.9,47,45.7,34.4,1.3,365,1185,338,82,1497,14361,18812,76.3,252156,96214,1185,52.1,23224,2471,7680,9846,5890,898,23222,581,333,57.3,248,42.7,12115,647,187,659,354,14247,1483
2122,Tottenham,1,38,38,3420,38,40,1.05,137,98,72.3,22,5,11,16,42.1,2,2,0,0,0.0,37.6,0.26,-1.4,-0.04,63,486,185,38.1,12.79,4.87,0.12,0.31,16.7,16,5,5,61.2,57.3,0.12,1.8,0.7,17204,20696,83.1,283871,93464,8270,9143,90.5,6856,7812,87.8,1376,2371,58.0,50,47.0,41.3,3.0,379,1172,338,81,1459,20696,18976,1658,430,88,133,632,676,193,78,62,0,17204,62,332,882,23.21,678,51,46,61,37,9,117,3.08,95,3,4,8,6,1,598,349,286,244,68,262,584,44.9,322,470,161,309,355,953,793,15,51.8,24853,2515,8010,11453,5627,864,24848,667,375,56.2,291,43.6,15122,82037,42338,791,596,195,588,341,17097,1450,69,1,1,386,406,349,3,2,1,1893,560,500,52.8,25,38,39,490,135,27.6,12.89,3.55,0.08,0.27,17.6,11,2,2,39.3,37.7,0.08,-0.3,-0.7,15570,19252,80.9,276489,89355,6902,7766,88.9,6689,7670,87.2,1575,2812,56.0,29,30.2,35.7,-1.2,359,1222,260,65,1443,15570,19252,80.9,276489,89355,1222,48.0,23287,2341,6799,10610,6087,859,23285,585,322,55.0,262,44.8,13789,653,168,558,336,15465,1428
2122,Watford,2,38,38,3420,38,77,2.03,188,113,62.2,6,5,27,4,10.5,7,6,1,0,14.3,60.3,0.29,-13.7,-0.36,33,397,123,31.0,10.45,3.24,0.08,0.26,18.1,24,1,2,40.0,38.4,0.1,-7.0,-6.4,10423,14640,71.2,193942,80054,4505,5496,82.0,4270,5325,80.2,1330,2903,45.8,26,32.5,22.4,-6.5,298,834,213,70,1070,14640,12800,1787,394,35,101,610,808,161,90,50,4,10423,53,317,693,18.24,475,59,48,43,52,16,57,1.5,36,5,4,7,3,2,614,356,341,213,60,278,626,44.4,348,440,148,292,444,1058,899,19,40.7,19161,2469,7245,7827,4328,625,19159,751,395,52.6,356,47.4,9428,51370,24863,557,380,148,639,389,10320,1057,63,3,3,442,352,356,2,7,3,2154,711,749,48.7,30,38,74,554,181,32.7,14.58,4.76,0.12,0.38,16.9,16,6,7,64.5,59.0,0.11,9.5,9.0,17339,21809,79.5,306184,104570,7667,8781,87.3,7477,8759,85.4,1713,3083,55.6,56,49.3,41.0,6.7,425,1434,381,102,1742,17339,21809,79.5,306184,104570,1434,59.7,25989,2020,7589,12050,6577,1057,25982,627,348,55.5,278,44.3,14666,744,195,631,336,17236,1732
2122,West Ham,2,38,38,3420,38,51,1.34,165,113,70.3,16,8,14,8,21.1,6,2,3,1,60.0,48.0,0.27,-1.0,-0.03,58,443,142,32.1,11.66,3.74,0.12,0.38,16.6,13,4,6,51.4,46.8,0.11,6.6,7.2,14326,18378,78.0,251152,89191,6627,7493,88.4,5789,6856,84.4,1479,2906,50.9,46,37.4,32.4,8.6,320,1106,271,87,1449,18378,16647,1672,309,29,146,802,770,200,135,43,1,14326,59,353,770,20.26,569,68,47,50,28,8,102,2.68,72,10,5,9,5,1,534,301,273,199,62,240,557,43.1,317,420,175,245,374,908,781,5,47.9,22331,2444,7012,9992,5543,810,22325,545,306,56.1,239,43.9,12622,68100,32664,646,479,171,520,294,14229,1437,52,3,2,323,276,301,3,6,2,1970,639,628,50.4,25,38,49,542,160,29.5,14.26,4.21,0.09,0.29,17.5,15,2,6,53.5,48.8,0.09,-4.5,-1.8,16243,20172,80.5,274834,94799,7672,8611,89.1,6637,7768,85.4,1391,2684,51.8,38,39.9,36.6,-1.9,415,1252,344,78,1536,16243,20172,80.5,274834,94799,1252,52.2,24232,2449,7533,10770,6167,960,24226,557,317,56.9,240,43.1,14273,845,217,572,294,16104,1522
2122,Wolves,2,38,38,3420,38,43,1.13,167,125,79.6,15,6,17,11,28.9,10,9,0,1,0.0,49.3,0.25,7.3,0.19,35,401,133,33.2,10.55,3.5,0.08,0.26,18.6,13,1,1,37.5,36.8,0.09,-2.5,-2.8,15253,19103,79.8,275607,92814,6533,7415,88.1,6610,7664,86.2,1718,3005,57.2,22,26.4,23.4,-4.4,294,1096,212,57,1283,19103,17380,1662,420,58,151,587,718,168,41,86,6,15253,61,329,692,18.21,496,44,65,37,31,19,58,1.53,37,4,5,8,2,2,673,377,377,242,54,273,671,40.7,398,437,135,302,389,1062,820,20,49.5,23334,2657,8472,10204,4887,703,23333,771,450,58.4,321,41.6,12837,69338,36188,723,522,190,598,341,15117,1262,62,2,2,366,335,377,1,10,1,2104,461,490,48.5,26,38,42,499,158,31.7,13.13,4.16,0.07,0.21,17.4,23,9,10,56.9,49.2,0.1,-14.9,-16.2,15751,19655,80.1,266604,92925,7523,8446,89.1,6393,7494,85.3,1355,2541,53.3,23,38.6,36.1,-15.6,369,1188,308,61,1520,15751,19655,80.1,266604,92925,1188,50.4,23724,2067,6733,11161,6047,929,23714,671,398,59.3,273,40.7,13637,780,190,501,400,15627,1502
2223,Arsenal,1,38,38,3420,38,43,1.13,136,94,70.6,26,6,6,14,36.8,5,3,0,2,0.0,40.0,0.28,-2.0,-0.05,84,589,194,32.9,15.5,5.11,0.14,0.42,16.0,16,3,4,71.9,69.1,0.12,12.1,11.9,18281,21969,83.2,310206,100635,8542,9478,90.1,7825,8821,88.7,1454,2548,57.1,64,53.8,46.8,10.2,443,1637,459,62,2049,21969,20293,1620,516,86,97,674,615,223,154,8,3,18281,56,379,1045,27.5,776,78,57,73,43,18,150,3.95,121,6,5,13,3,2,568,343,238,212,118,249,506,49.2,257,362,86,276,237,805,599,22,59.3,25909,1994,6632,11452,8015,1296,25905,751,351,46.7,290,38.6,15923,84011,44201,824,583,281,526,378,18101,2024,51,0,0,373,435,343,3,5,1,1984,486,559,46.5,26,38,42,337,133,39.5,8.87,3.5,0.12,0.29,16.1,8,3,5,42.0,38.0,0.11,0.0,1.0,11424,15090,75.7,202608,76723,5278,6079,86.8,4656,5577,83.5,1174,2519,46.6,27,31.6,26.0,-4.6,259,778,201,45,907,11424,15090,75.7,202608,76723,778,40.1,19203,2933,7798,7683,3935,673,19197,584,257,44.0,249,42.6,10261,510,147,476,319,11310,901
2223,Aston Villa,2,38,38,3420,38,46,1.21,151,108,72.8,18,7,13,12,31.6,6,5,1,0,16.7,42.8,0.25,0.8,0.02,49,427,145,34.0,11.24,3.82,0.11,0.32,18.0,18,3,4,50.2,47.2,0.11,-1.2,-1.2,13782,17396,79.2,244084,87581,6109,6945,88.0,5981,6936,86.2,1345,2579,52.2,35,38.8,31.6,-3.8,318,964,268,80,1242,17396,15544,1794,599,54,101,561,684,162,97,19,4,13782,58,325,751,19.76,565,50,48,38,40,10,84,2.21,55,2,6,12,6,3,633,338,305,251,77,313,646,48.5,333,438,118,320,324,957,714,13,49.3,21501,2783,7912,9077,4706,746,21496,681,292,42.9,279,41.0,12294,65583,33156,637,434,174,565,371,13587,1227,80,1,0,417,498,338,4,6,4,1847,442,465,48.7,26,38,42,424,145,34.2,11.16,3.82,0.09,0.26,16.5,14,5,6,52.5,47.9,0.12,-10.5,-10.9,14277,18089,78.9,255169,89828,6523,7424,87.9,5885,6859,85.8,1554,2778,55.9,25,36.1,28.7,-11.1,321,1096,282,65,1323,14277,18089,78.9,255169,89828,1096,50.6,22020,2102,7107,9894,5219,870,22014,730,333,45.6,313,42.9,12332,607,184,486,320,14144,1306
2223,Bournemouth,2,38,38,3420,38,71,1.87,204,136,68.1,11,6,21,8,21.1,7,6,0,1,0.0,63.6,0.29,-4.4,-0.11,37,358,126,35.2,9.42,3.32,0.1,0.29,15.5,14,0,0,38.6,38.6,0.11,-1.6,-1.6,11715,15381,76.2,206704,82672,5412,6278,86.2,4751,5644,84.2,1192,2491,47.9,24,28.5,26.3,-4.5,261,850,237,75,1006,15381,13607,1736,424,48,87,509,706,144,88,25,9,11715,38,342,616,16.21,445,45,52,43,24,7,64,1.68,44,5,4,8,2,1,618,371,316,249,53,256,606,42.2,350,499,170,329,353,971,1027,10,40.4,19950,2934,8004,7933,4256,699,19950,735,321,43.7,344,46.8,10336,55322,27419,504,388,144,589,367,11617,986,68,0,0,391,365,371,0,7,3,1942,521,539,49.2,31,38,68,619,198,32.0,16.29,5.21,0.1,0.31,17.0,15,6,7,63.9,58.4,0.1,4.1,3.6,18709,22764,82.2,328529,107187,8431,9452,89.2,8068,9207,87.6,1777,2972,59.8,49,45.3,44.6,3.7,455,1615,430,95,1988,18709,22764,82.2,328529,107187,1615,59.9,26820,2088,7398,11841,7803,1107,26813,697,350,50.2,256,36.7,16186,810,211,550,362,18578,1976
2223,Brentford,1,38,38,3420,38,46,1.21,197,154,77.7,15,14,9,12,31.6,2,2,0,0,0.0,48.0,0.24,5.0,0.13,56,400,147,36.8,10.53,3.87,0.12,0.33,15.7,14,7,8,56.8,50.6,0.13,-0.8,-1.6,11317,15551,72.8,209961,87006,5142,6116,84.1,4475,5602,79.9,1438,2947,48.8,36,38.7,30.5,-2.7,284,922,279,87,1131,15551,13766,1713,453,53,107,661,738,163,83,34,12,11317,72,303,702,18.47,475,99,32,45,44,7,98,2.58,65,8,4,8,11,2,587,337,270,228,89,253,599,42.2,346,456,168,288,341,928,822,12,43.8,19750,2632,7290,7802,4835,827,19742,597,264,44.2,248,41.5,10408,49009,23987,392,299,102,520,335,11203,1121,57,1,1,354,399,337,7,2,3,1959,665,618,51.8,25,38,43,557,195,35.0,14.66,5.13,0.07,0.21,18.4,12,2,2,49.9,48.7,0.09,-6.9,-7.7,15959,20073,79.5,264065,90402,7989,8970,89.1,6154,7254,84.8,1318,2713,48.6,30,36.8,37.2,-6.8,417,1368,363,84,1540,15959,20073,79.5,264065,90402,1368,56.6,24216,2369,6890,10625,6903,895,24214,689,346,50.2,253,36.7,13624,741,155,547,334,15840,1530
2223,Brighton,2,38,38,3420,38,53,1.39,131,82,64.1,18,8,12,12,31.6,8,6,2,0,25.0,42.7,0.27,-4.3,-0.11,68,607,219,36.1,15.97,5.76,0.1,0.28,16.8,12,6,6,73.3,68.9,0.12,-5.3,-6.9,19210,22888,83.9,319736,106474,9346,10305,90.7,7892,8919,88.5,1463,2462,59.4,46,52.2,44.7,-6.2,480,1459,391,78,1849,22888,21109,1709,445,81,130,694,693,233,102,88,2,19210,70,383,1074,28.26,819,73,80,63,27,12,114,3.0,83,3,12,9,6,1,616,340,270,242,104,266,560,47.5,294,392,104,288,303,919,432,15,60.2,26727,2471,7844,12212,6873,1102,26721,724,343,47.4,279,38.5,16331,83719,43965,809,547,250,558,324,18991,1828,58,0,0,427,407,340,4,8,6,2013,444,387,53.4,29,38,47,380,123,32.4,10.0,3.24,0.11,0.33,16.2,15,6,8,50.2,43.7,0.12,-3.2,-2.7,11658,15116,77.1,200962,76693,5500,6255,87.9,4775,5646,84.6,1061,2361,44.9,34,33.7,27.1,0.3,293,782,236,50,1026,11658,15116,77.1,200962,76693,782,39.5,19339,2866,7920,7496,4111,711,19331,645,294,45.6,266,41.2,10293,527,173,513,350,11532,1012
2223,Chelsea,2,38,38,3420,38,47,1.24,159,115,71.1,11,11,16,10,26.3,1,1,0,0,0.0,47.0,0.3,3.0,0.08,37,481,151,31.4,12.66,3.97,0.07,0.23,16.8,10,3,3,49.5,47.2,0.1,-12.5,-13.2,19147,22836,83.8,316440,104718,9510,10494,90.6,7700,8709,88.4,1461,2499,58.5,27,38.6,35.3,-11.6,376,1426,370,68,1737,22836,20995,1767,503,58,129,693,722,209,108,70,2,19147,74,371,859,22.61,667,66,42,42,31,11,68,1.79,57,3,2,2,4,0,740,445,363,267,110,333,654,50.9,321,466,108,358,341,1081,661,20,58.7,27166,2564,8461,12056,6850,958,27163,833,375,45.0,352,42.3,16537,83505,43593,829,622,216,568,381,19065,1729,81,3,2,397,462,445,3,1,3,2024,493,453,52.1,32,38,44,437,158,36.2,11.5,4.16,0.1,0.27,16.7,10,1,1,52.5,51.7,0.12,-8.5,-8.7,12591,16256,77.5,219610,84778,5875,6743,87.1,5133,6094,84.2,1242,2398,51.8,32,39.9,30.1,-7.9,321,967,240,59,1203,12591,16256,77.5,219610,84778,967,41.0,20667,2640,7410,8358,5105,760,20666,744,321,43.1,333,44.8,11149,593,167,545,407,12479,1188
2223,Crystal Palace,3,38,38,3420,38,49,1.29,160,114,71.9,11,12,15,9,23.7,4,4,0,0,0.0,44.7,0.26,-1.3,-0.03,38,423,133,31.4,11.13,3.5,0.09,0.28,17.6,23,1,3,39.3,36.8,0.09,-1.3,0.2,13395,17308,77.4,238779,88389,6005,6901,87.0,5794,6772,85.6,1309,2751,47.6,29,29.0,23.8,0.0,316,1013,239,51,1243,17308,15416,1834,525,41,118,591,763,186,84,60,5,13395,58,350,746,19.63,497,67,56,49,59,18,67,1.76,43,6,6,6,4,2,690,421,354,246,90,281,532,52.8,251,463,119,344,359,1049,807,5,46.3,21713,2580,7668,9275,4991,766,21710,784,367,46.8,314,40.1,11687,60301,30015,556,393,206,643,457,13304,1238,82,3,2,446,479,421,2,4,3,2093,496,578,46.2,26,38,46,452,156,34.5,11.89,4.11,0.09,0.27,16.2,14,4,4,48.1,44.9,0.1,-2.1,-2.9,16316,20332,80.2,280950,99352,7628,8660,88.1,6712,7780,86.3,1522,2746,55.4,32,34.5,33.7,-2.5,339,1214,353,84,1592,16316,20332,80.2,280950,99352,1214,53.9,24639,2382,7900,10905,6036,947,24635,622,251,40.4,281,45.2,14512,590,139,584,409,16193,1581
2223,Everton,2,38,38,3420,38,57,1.5,185,127,71.9,8,12,18,9,23.7,6,5,1,0,16.7,60.4,0.3,3.4,0.09,32,426,143,33.6,11.21,3.76,0.07,0.2,16.8,12,3,3,45.2,42.8,0.1,-13.2,-13.8,11790,15783,74.7,214056,82478,5336,6174,86.4,4771,5750,83.0,1366,2947,46.4,24,32.4,26.9,-8.4,308,964,224,67,1052,15783,13984,1735,434,39,93,704,707,174,138,28,0,11790,64,311,735,19.34,495,84,37,54,45,20,59,1.55,41,5,5,2,4,2,708,424,362,257,89,309,611,50.6,302,510,180,330,390,1098,874,17,42.8,20233,2527,7219,8417,4830,742,20229,669,305,45.6,296,44.2,10479,56737,27858,500,391,137,605,300,11708,1042,81,2,1,396,382,424,3,6,0,2049,582,613,48.7,28,38,57,570,179,31.4,15.0,4.71,0.09,0.29,16.4,15,5,6,65.7,61.1,0.11,-8.7,-9.1,17041,21204,80.4,293765,101614,7993,9020,88.6,7025,8188,85.8,1559,2848,54.7,36,45.7,36.3,-9.7,437,1295,358,101,1678,17041,21204,80.4,293765,101614,1295,57.4,25326,2438,8031,11022,6477,1025,25320,694,302,43.5,309,44.5,14664,752,212,582,399,16932,1670
2223,Fulham,2,38,38,3420,38,53,1.39,196,144,76.5,15,7,16,9,23.7,8,7,1,0,12.5,60.1,0.28,9.1,0.24,52,420,137,32.6,11.05,3.61,0.11,0.34,17.3,17,5,9,46.2,39.1,0.1,5.8,7.9,13974,18014,77.6,255629,89303,5867,6818,86.1,6222,7333,84.8,1551,2860,54.2,33,28.5,23.7,4.5,306,1044,284,97,1326,18014,16136,1818,471,20,157,769,795,182,70,69,2,13974,60,393,751,19.76,528,78,29,54,47,15,90,2.37,56,9,5,11,7,2,623,349,294,228,101,299,578,51.7,279,455,125,330,340,963,749,13,48.8,22160,2563,7461,9519,5414,758,22151,592,269,45.4,238,40.2,12249,68133,35319,662,471,124,536,379,13846,1316,80,1,0,411,405,349,8,8,2,1979,511,550,48.2,29,38,51,497,188,37.8,13.08,4.95,0.09,0.23,16.7,20,7,8,63.8,57.9,0.12,-12.8,-13.9,15001,19010,78.9,262050,93178,6992,8025,87.1,6190,7186,86.1,1459,2750,53.1,30,43.1,34.5,-13.1,361,1114,331,83,1406,15001,19010,78.9,262050,93178,1114,51.3,23238,2494,7912,10257,5263,887,23230,674,279,41.4,299,44.4,13029,558,165,543,324,14833,1390
2223,Leeds United,2,38,38,3420,38,78,2.05,185,108,60.5,7,10,21,5,13.2,6,5,0,1,0.0,64.1,0.32,-12.9,-0.34,45,459,141,30.7,12.08,3.71,0.1,0.31,16.6,19,1,3,47.4,45.0,0.1,-2.4,-1.0,12437,16924,73.5,206567,84295,6115,7225,84.6,4782,5973,80.1,1072,2528,42.4,31,31.9,27.3,-0.9,337,1086,270,70,1429,16924,14953,1911,484,41,87,653,837,199,93,68,4,12437,60,414,783,20.61,535,99,32,54,48,15,69,1.82,43,7,4,9,3,3,840,480,376,343,121,412,863,47.7,451,536,131,405,392,1232,734,18,47.0,21642,2125,6971,9290,5587,796,21639,688,268,39.0,328,47.7,11342,55021,27062,555,379,146,602,421,12329,1418,89,3,2,467,405,480,2,6,1,2206,586,607,49.1,29,38,77,522,180,34.5,13.74,4.74,0.14,0.4,16.5,19,5,6,67.2,62.5,0.12,9.8,9.5,15111,19538,77.3,269802,96986,6666,7739,86.1,6577,7786,84.5,1516,2885,52.5,50,49.9,35.8,0.1,381,1172,287,58,1469,15111,19538,77.3,269802,96986,1172,53.1,24304,2447,8102,10849,5573,872,24298,973,451,46.4,412,42.3,13328,596,189,630,428,14978,1455
2223,Leicester City,2,38,38,3420,38,68,1.79,178,113,64.0,9,7,22,7,18.4,5,4,1,0,20.0,55.4,0.29,-7.6,-0.2,49,412,142,34.5,10.84,3.74,0.11,0.32,17.7,14,3,6,50.6,45.8,0.11,-1.6,0.2,14887,18871,78.9,249219,89055,7245,8221,88.1,6087,7165,85.0,1165,2422,48.1,36,38.5,26.3,-2.5,319,1142,220,52,1304,18871,17049,1739,464,76,93,496,724,135,70,41,6,14887,83,393,744,19.58,540,52,50,50,38,14,87,2.29,59,2,8,8,7,3,700,412,345,292,63,308,669,46.0,361,517,170,347,367,1067,777,11,47.7,23125,2681,8408,10293,4641,688,23119,620,291,46.9,245,39.5,12503,63356,31619,580,363,175,548,313,14797,1294,63,2,2,410,397,412,5,5,5,2013,512,558,47.9,28,38,63,567,173,30.5,14.92,4.55,0.1,0.34,17.2,21,4,5,63.4,59.9,0.11,-0.4,-0.9,16629,20664,80.5,291365,98077,7582,8521,89.0,6972,8068,86.4,1633,2896,56.4,46,48.0,35.5,-2.0,418,1310,334,81,1575,16629,20664,80.5,291365,98077,1310,52.4,24725,2155,7422,11141,6380,917,24720,771,361,46.8,308,39.9,13966,721,177,517,392,16475,1559
2223,Liverpool,2,38,38,3420,38,47,1.24,157,111,71.3,19,10,9,14,36.8,4,2,1,1,33.3,54.1,0.33,9.1,0.24,71,601,203,33.8,15.82,5.34,0.11,0.34,16.2,7,2,4,72.6,69.5,0.12,-1.6,-0.5,20043,24361,82.3,352929,120466,9023,10114,89.2,8561,9758,87.7,1962,3283,59.8,58,56.7,52.3,1.3,458,1615,452,85,1992,24361,22466,1811,416,103,198,799,860,235,56,155,1,20043,84,383,1046,27.53,778,85,55,75,33,20,129,3.39,97,9,7,8,7,1,590,370,228,250,112,281,648,43.4,367,350,74,276,333,923,568,19,60.8,28399,2310,8119,13329,7149,1252,28395,691,320,46.3,282,40.8,17146,82458,41527,719,569,234,584,413,19921,1974,57,1,0,405,321,370,3,4,2,2211,482,455,51.4,28,38,45,366,154,42.1,9.63,4.05,0.12,0.28,15.9,9,2,4,50.9,48.1,0.13,-5.9,-5.1,11949,15970,74.8,211445,82709,5604,6558,85.5,4725,5743,82.3,1275,2707,47.1,32,37.8,27.6,-5.8,283,908,232,58,1101,11949,15970,74.8,211445,82709,908,38.9,20607,3079,8404,8219,4189,677,20603,751,367,48.9,281,37.4,10557,505,166,586,309,11858,1090
2223,Manchester City,2,38,38,3420,38,33,0.87,92,60,67.4,28,5,5,13,34.2,3,3,0,0,0.0,30.3,0.3,-1.7,-0.05,92,590,205,34.7,15.53,5.39,0.14,0.4,16.6,20,9,10,78.7,71.1,0.12,13.3,11.9,23263,26642,87.3,396454,114920,11020,11888,92.7,9848,10836,90.9,1932,2849,67.8,69,57.6,57.6,11.4,464,1770,445,75,2073,26642,25047,1544,440,94,177,742,614,238,72,87,11,23263,51,350,1099,28.92,826,81,53,76,49,14,168,4.42,130,7,8,9,12,2,471,272,185,198,88,212,455,46.6,243,339,95,244,223,694,402,8,64.7,29895,2170,7410,14372,8301,1277,29885,702,334,47.6,239,34.0,19120,104039,56163,987,753,279,406,298,22992,2054,44,1,0,347,384,272,9,3,1,1866,438,364,54.6,24,38,32,291,89,30.6,7.66,2.34,0.1,0.33,17.2,11,3,3,32.1,29.8,0.11,-0.1,-0.8,11294,14441,78.2,202141,74164,5050,5740,88.0,4772,5482,87.0,1161,2406,48.3,21,23.8,19.9,-2.8,214,651,196,53,860,11294,14441,78.2,202141,74164,651,34.7,18167,3258,8426,6597,3319,561,18164,524,243,46.4,212,40.5,9792,434,125,442,259,11200,853
2223,Manchester Utd,1,38,38,3420,38,43,1.13,142,99,71.1,23,6,9,17,44.7,3,2,1,0,33.3,41.3,0.27,-0.7,-0.02,56,590,206,34.9,15.53,5.42,0.09,0.26,17.8,20,3,3,67.7,65.3,0.11,-11.7,-12.3,16603,20525,80.9,276625,97026,8273,9294,89.0,6359,7306,87.0,1438,2651,54.2,42,52.2,44.6,-10.2,478,1268,398,57,1595,20525,18827,1619,325,105,165,517,715,196,71,47,4,16603,79,420,1051,27.66,840,58,46,63,35,9,99,2.61,79,3,8,5,4,0,658,400,343,231,84,301,598,50.3,297,496,146,350,352,1010,771,10,53.7,24848,2639,8093,10389,6570,1036,24845,730,317,43.4,338,46.3,14245,70351,37126,711,515,239,497,293,16447,1578,78,2,0,424,297,400,2,3,1,2190,465,434,51.7,26,38,42,478,139,29.1,12.58,3.66,0.08,0.29,16.6,18,2,3,50.4,48.0,0.1,-8.4,-8.0,13767,17675,77.9,240301,90072,6443,7404,87.0,5597,6630,84.4,1365,2622,52.1,28,37.4,34.9,-9.4,357,952,301,78,1355,13767,17675,77.9,240301,90072,952,46.0,21994,2733,7668,9000,5563,975,21991,718,297,41.4,301,41.9,11694,697,206,572,357,13634,1343
2223,Newcastle Utd,2,38,38,3418,38,33,0.87,127,94,75.6,19,14,5,14,36.8,5,2,2,1,50.0,33.2,0.24,2.2,0.06,64,565,184,32.6,14.87,4.84,0.1,0.32,15.6,15,6,6,72.0,67.4,0.12,-8.0,-9.4,13925,17837,78.1,246297,90893,6433,7370,87.3,5580,6605,84.5,1523,2774,54.9,42,51.9,45.0,-9.9,435,1083,403,64,1618,17837,16020,1746,447,88,142,740,728,270,106,90,15,13925,71,370,1008,26.53,690,110,62,77,57,12,106,2.79,64,6,15,10,6,5,607,360,268,254,85,307,642,47.8,335,448,116,332,333,940,680,10,52.3,22106,2088,6757,9053,6516,1161,22100,783,349,44.6,322,41.1,12021,64166,32968,694,493,227,576,363,13803,1599,61,1,0,406,399,360,2,5,2,2065,553,427,56.4,27,38,31,382,123,32.2,10.05,3.24,0.08,0.24,17.6,13,2,5,39.6,35.7,0.1,-8.6,-6.7,12444,16389,75.9,219793,81214,5805,6626,87.6,5082,6095,83.4,1271,2745,46.3,23,29.7,28.1,-6.7,301,961,230,56,1201,12444,16389,75.9,219793,81214,961,47.6,20772,2819,7684,8651,4660,722,20766,733,335,45.7,307,41.9,10893,600,167,525,300,12338,1188
2223,Nott'ham Forest,3,38,38,3420,38,68,1.79,182,112,65.9,9,11,18,8,21.1,9,6,2,1,25.0,60.1,0.3,-7.9,-0.21,36,362,111,30.7,9.53,2.92,0.09,0.3,17.2,9,3,6,39.3,34.6,0.1,-3.3,-1.6,9543,13606,70.1,177315,72656,4046,4952,81.7,4071,5126,79.4,1187,2708,43.8,22,26.3,20.5,-4.3,246,660,172,50,859,13606,11801,1738,446,31,66,530,720,128,65,53,1,9543,67,313,593,15.61,416,59,31,38,36,13,54,1.42,31,5,4,11,3,0,659,387,380,201,78,296,584,50.7,288,500,156,344,349,1008,944,6,37.6,17912,2715,7420,6953,3755,611,17906,569,254,44.6,235,41.3,8674,46411,24008,435,308,111,537,275,9452,847,84,0,0,445,390,387,3,9,0,1902,560,600,48.3,33,38,68,548,174,31.8,14.42,4.58,0.11,0.36,16.3,21,6,9,64.2,57.5,0.11,3.8,4.5,18444,22551,81.8,315466,104797,8568,9564,89.6,7833,8956,87.5,1577,2845,55.4,45,45.0,42.5,0.0,438,1523,392,80,1904,18444,22551,81.8,315466,104797,1523,62.8,26490,2033,7131,12307,7232,1106,26481,697,288,41.3,296,42.5,15879,813,216,557,363,18267,1880
2223,Southampton,2,38,38,3420,38,73,1.92,150,81,52.7,6,7,25,4,10.5,3,2,1,0,33.3,46.3,0.29,-21.7,-0.57,36,413,132,32.0,10.87,3.47,0.08,0.26,18.1,17,2,4,37.7,34.5,0.09,-1.7,-0.5,12319,16391,75.2,211636,79814,5972,6925,86.2,4830,5823,82.9,1170,2625,44.6,25,28.2,26.0,-3.2,302,938,239,71,1125,16391,14585,1749,426,38,87,613,752,157,63,65,2,12319,57,375,718,18.89,493,77,46,51,38,13,61,1.61,35,5,7,5,6,3,713,426,377,279,57,297,609,48.8,312,542,165,377,428,1141,852,10,44.5,21095,2639,7452,8998,4880,712,21091,756,358,47.4,318,42.1,11323,61000,29819,588,453,131,567,400,12216,1112,73,0,0,430,378,426,3,3,5,2130,551,611,47.4,36,38,68,523,147,28.1,13.76,3.87,0.13,0.45,16.5,11,2,3,61.0,58.7,0.12,7.0,7.3,16376,20617,79.4,288473,104529,7450,8538,87.3,6901,8048,85.7,1618,2893,55.9,55,46.4,39.7,8.6,388,1334,389,88,1735,16376,20617,79.4,288473,104529,1334,55.6,24922,2333,7919,11070,6171,1055,24919,688,312,45.3,297,43.2,14203,652,221,590,417,16240,1717
2223,Tottenham,2,38,38,3420,38,63,1.66,172,109,65.1,18,6,14,10,26.3,4,3,1,0,25.0,55.1,0.3,-6.9,-0.18,68,512,186,36.3,13.47,4.89,0.12,0.34,16.7,13,5,6,57.1,52.4,0.1,10.9,10.6,15972,19672,81.2,277567,92697,7333,8180,89.6,6707,7682,87.3,1499,2669,56.2,46,43.1,34.0,2.9,386,1071,323,104,1449,19672,17950,1655,404,74,165,719,664,203,113,51,0,15972,67,414,910,23.95,692,60,46,55,38,19,116,3.05,84,7,7,9,7,2,619,353,325,215,79,275,574,47.9,299,428,148,280,340,959,762,19,50.0,23836,2734,8571,10329,5135,842,23830,663,303,45.7,288,43.4,13676,71282,36837,692,465,189,521,356,15864,1436,77,3,1,424,353,353,5,4,1,1984,549,474,53.7,29,38,62,516,168,32.6,13.58,4.42,0.11,0.35,18.1,18,3,4,49.7,46.6,0.09,12.3,12.4,16079,19765,81.4,276347,90930,7658,8556,89.5,6515,7425,87.7,1511,2800,54.0,45,36.3,34.3,8.7,400,1359,300,77,1516,16079,19765,81.4,276347,90930,1359,50.1,24011,2364,6699,10897,6627,935,24007,659,299,45.4,275,41.7,13878,685,212,541,344,15945,1497
2223,West Ham,2,38,38,3420,38,55,1.45,170,115,70.0,11,7,20,9,23.7,6,4,1,1,20.0,53.2,0.29,-0.8,-0.02,41,466,133,28.5,12.26,3.5,0.08,0.26,17.3,13,6,8,49.2,43.7,0.1,-8.2,-8.7,12369,16357,75.6,219013,84296,5883,6778,86.8,4784,5831,82.0,1383,2753,50.2,25,32.7,26.8,-7.7,340,990,212,80,1274,16357,14625,1670,347,41,162,768,722,206,129,57,1,12369,62,390,817,21.5,586,81,39,61,35,15,67,1.76,41,6,5,9,6,0,607,335,289,226,92,269,558,48.2,289,415,139,276,408,1015,810,10,42.1,20411,2362,6898,8702,4994,756,20403,607,242,39.9,266,43.8,10539,57433,28201,614,413,165,460,355,12256,1266,44,0,0,362,316,335,6,6,1,2023,620,587,51.4,25,38,54,493,165,33.5,12.97,4.34,0.1,0.3,17.6,10,4,6,53.0,48.4,0.1,1.0,1.6,18872,22778,82.9,315939,105899,9151,10095,90.6,7698,8792,87.6,1503,2780,54.1,42,39.8,34.7,2.2,369,1408,336,67,1721,18872,22778,82.9,315939,105899,1408,58.2,27044,2677,8406,12186,6688,975,27038,648,289,44.6,269,41.5,16218,805,222,568,338,18736,1709
2223,Wolves,2,38,38,3420,38,58,1.53,174,115,67.8,11,8,19,11,28.9,4,2,2,0,50.0,52.2,0.28,-4.8,-0.13,28,409,119,29.1,10.76,3.13,0.06,0.21,18.0,18,3,3,36.8,34.5,0.09,-8.8,-9.5,14554,18294,79.6,264071,87310,6350,7195,88.3,6306,7257,86.9,1574,2890,54.5,12,25.4,21.0,-13.4,294,1110,252,71,1343,18294,16575,1657,430,49,149,661,663,185,61,86,2,14554,62,355,713,18.76,521,62,30,47,42,11,44,1.16,32,1,3,6,1,1,661,370,364,222,75,286,609,47.0,323,497,175,322,279,940,817,18,49.9,22539,2921,8544,9262,4960,686,22536,772,375,48.6,302,39.1,12373,67215,35065,610,421,142,516,327,14452,1331,85,6,1,463,389,370,1,4,1,2052,465,542,46.2,32,38,57,551,170,30.9,14.5,4.47,0.1,0.32,17.2,27,2,4,59.9,56.7,0.11,-2.9,-1.7,14585,18284,79.8,254508,93552,6776,7682,88.2,6056,7032,86.1,1388,2572,54.0,44,44.2,39.7,-0.2,399,1205,346,82,1596,14585,18284,79.8,254508,93552,1205,49.8,22413,2222,6907,9715,6004,1041,22409,706,323,45.8,286,40.5,12748,702,218,570,375,14439,1575
