league,season,game,date,home_team,away_team,B365H,B365D,B365A,WHH,WHD,WHA,MaxH,MaxD,MaxA,AvgH,AvgD,AvgA,pAvgH,pAvgD,pAvgA
ENG-Premier League,2223,2022-08-05 Crystal Palace-Arsenal,2022-08-05 20:00:00,Crystal Palace,Arsenal,4.2,3.6,1.85,4.4,3.5,1.83,4.6,3.78,1.95,4.39,3.59,1.88,0.21616122279660535,0.2664246669958256,0.5174141102071224
ENG-Premier League,2223,2022-08-06 Bournemouth-Aston Villa,2022-08-06 15:00:00,Bournemouth,Aston Villa,3.75,3.5,2.0,3.75,3.3,2.05,4.0,3.66,2.1,3.8,3.5,2.04,0.250938214679031,0.273271166749258,0.47579061857216687
ENG-Premier League,2223,2022-08-06 Everton-Chelsea,2022-08-06 17:30:00,Everton,Chelsea,5.5,4.0,1.61,5.8,3.75,1.62,6.1,4.2,1.67,5.74,3.96,1.63,0.16253841959421272,0.24001221932329966,0.5974493610820367
ENG-Premier League,2223,2022-08-06 Fulham-Liverpool,2022-08-06 12:30:00,Fulham,Liverpool,11.0,6.0,1.25,12.0,5.5,1.27,13.0,6.4,1.31,10.99,6.05,1.28,0.08092754950372419,0.15434234155347773,0.7647301089432005
ENG-Premier League,2223,2022-08-06 Leeds United-Wolves,2022-08-06 15:00:00,Leeds United,Wolves,2.25,3.4,3.2,2.25,3.3,3.2,2.42,3.54,3.3,2.34,3.34,3.18,0.4127960657866399,0.28614761650542003,0.30105631770746805
ENG-Premier League,2223,2022-08-06 Newcastle Utd-Nott'ham Forest,2022-08-06 15:00:00,Newcastle Utd,Nott'ham Forest,1.66,3.8,5.25,1.67,3.7,5.25,1.72,3.96,6.0,1.67,3.8,5.57,0.5824082641835069,0.2501507741843928,0.1674409616325657
ENG-Premier League,2223,2022-08-06 Tottenham-Southampton,2022-08-06 15:00:00,Tottenham,Southampton,1.33,5.5,8.5,1.35,5.0,8.5,1.4,5.5,9.2,1.36,5.27,8.64,0.7178172330101948,0.1776527385391691,0.10453002845025057
ENG-Premier League,2223,2022-08-07 Leicester City-Brentford,2022-08-07 14:00:00,Leicester City,Brentford,2.0,3.75,3.5,2.0,3.6,3.5,2.1,3.84,3.8,2.03,3.66,3.64,0.4776372730343839,0.26043847374079093,0.2619242532253001
ENG-Premier League,2223,2022-08-07 Manchester Utd-Brighton,2022-08-07 14:00:00,Manchester Utd,Brighton,1.6,4.2,5.25,1.6,3.9,5.5,1.66,4.22,6.12,1.62,4.01,5.68,0.6002206229662115,0.23613283189055806,0.16364654514365068
ENG-Premier League,2223,2022-08-07 West Ham-Manchester City,2022-08-07 16:30:00,West Ham,Manchester City,8.0,5.0,1.36,9.0,5.0,1.33,9.6,5.6,1.41,8.32,5.25,1.37,0.10898199801563305,0.17843239744935083,0.7125856045346218
ENG-Premier League,2223,2022-08-13 Arsenal-Leicester City,2022-08-13 15:00:00,Arsenal,Leicester City,1.53,4.33,5.75,1.53,4.2,5.8,1.6,4.65,6.42,1.55,4.37,6.04,0.6290778052982033,0.21675906872268175,0.1541631259795534
ENG-Premier League,2223,2022-08-13 Aston Villa-Everton,2022-08-13 12:30:00,Aston Villa,Everton,1.8,3.5,4.75,1.8,3.4,4.75,1.85,3.68,5.12,1.82,3.56,4.87,0.5357596754869495,0.26955311168053364,0.19468721283296753
ENG-Premier League,2223,2022-08-13 Brentford-Manchester Utd,2022-08-13 17:30:00,Brentford,Manchester Utd,3.75,3.5,2.0,3.8,3.5,1.95,4.04,3.65,2.08,3.77,3.56,2.02,0.25234968589422296,0.2678328563857682,0.4798174577204572
ENG-Premier League,2223,2022-08-13 Brighton-Newcastle Utd,2022-08-13 15:00:00,Brighton,Newcastle Utd,2.45,3.2,3.0,2.38,3.25,3.0,2.54,3.46,3.27,2.44,3.25,3.1,0.3958416999305011,0.29470955001766086,0.30944875005137756
ENG-Premier League,2223,2022-08-13 Manchester City-Bournemouth,2022-08-13 15:00:00,Manchester City,Bournemouth,1.06,13.0,29.0,1.05,13.0,34.0,1.09,16.0,50.0,1.07,12.72,37.57,0.9155539660365282,0.0672224830975087,0.01722355086576222
ENG-Premier League,2223,2022-08-13 Southampton-Leeds United,2022-08-13 15:00:00,Southampton,Leeds United,2.25,3.5,3.1,2.25,3.4,3.1,2.4,3.64,3.2,2.32,3.51,3.1,0.4173896891225334,0.2726468656222432,0.3099634452556784
ENG-Premier League,2223,2022-08-13 Wolves-Fulham,2022-08-13 15:00:00,Wolves,Fulham,2.3,3.3,3.2,2.35,3.25,3.1,2.48,3.46,3.29,2.4,3.28,3.15,0.40298821174474775,0.29227611540782106,0.3047356728469525
ENG-Premier League,2223,2022-08-14 Chelsea-Tottenham,2022-08-14 16:30:00,Chelsea,Tottenham,2.25,3.4,3.2,2.25,3.3,3.2,2.38,3.55,3.36,2.29,3.44,3.21,0.42284591157725504,0.27826429121280766,0.2988897972094757
ENG-Premier League,2223,2022-08-14 Nott'ham Forest-West Ham,2022-08-14 14:00:00,Nott'ham Forest,West Ham,4.2,3.6,1.85,4.2,3.5,1.85,4.4,3.75,1.94,4.21,3.64,1.9,0.22571045775423373,0.26253900843699873,0.51175053380921
ENG-Premier League,2223,2022-08-15 Liverpool-Crystal Palace,2022-08-15 20:00:00,Liverpool,Crystal Palace,1.18,6.75,16.0,1.18,6.5,17.0,1.23,7.23,19.0,1.2,6.85,16.33,0.8149723618505459,0.13422444346369758,0.05080319468541748
ENG-Premier League,2223,2022-08-20 Bournemouth-Arsenal,2022-08-20 17:30:00,Bournemouth,Arsenal,8.0,4.75,1.4,8.0,4.5,1.4,8.01,4.9,1.47,7.65,4.7,1.43,0.11879831685587433,0.19984849801244117,0.6813531851312883
ENG-Premier League,2223,2022-08-20 Crystal Palace-Aston Villa,2022-08-20 15:00:00,Crystal Palace,Aston Villa,2.5,3.25,2.9,2.5,3.2,2.9,2.6,3.35,3.16,2.52,3.2,3.0,0.3820872833274119,0.2986504089646478,0.31926230770746844
ENG-Premier League,2223,2022-08-20 Everton-Nott'ham Forest,2022-08-20 15:00:00,Everton,Nott'ham Forest,1.9,3.6,4.0,1.91,3.5,4.0,2.02,3.64,4.3,1.97,3.48,4.05,0.49200293218545704,0.27400403107368826,0.23399303674130076
ENG-Premier League,2223,2022-08-20 Fulham-Brentford,2022-08-20 15:00:00,Fulham,Brentford,2.45,3.4,2.9,2.4,3.4,2.88,2.62,3.54,3.04,2.46,3.42,2.92,0.39210841662115414,0.2791702677856078,0.32872131559369816
ENG-Premier League,2223,2022-08-20 Leicester City-Southampton,2022-08-20 15:00:00,Leicester City,Southampton,1.83,4.0,4.0,1.85,3.75,3.9,1.88,4.1,4.2,1.85,3.97,4.01,0.5246223903594607,0.2389316015682436,0.2364460080727396
ENG-Premier League,2223,2022-08-20 Tottenham-Wolves,2022-08-20 12:30:00,Tottenham,Wolves,1.4,4.75,7.5,1.38,4.6,8.5,1.44,5.14,8.5,1.41,4.88,7.96,0.6924283300640576,0.19298152640712624,0.11459014352840119
ENG-Premier League,2223,2022-08-21 Leeds United-Chelsea,2022-08-21 14:00:00,Leeds United,Chelsea,5.75,4.5,1.53,5.25,4.33,1.57,6.23,4.6,1.6,5.93,4.43,1.55,0.15720918372943876,0.2137011820784733,0.6290896341925128
ENG-Premier League,2223,2022-08-21 Newcastle Utd-Manchester City,2022-08-21 16:30:00,Newcastle Utd,Manchester City,7.5,5.0,1.36,9.0,4.8,1.35,9.5,5.35,1.41,8.67,5.11,1.37,0.10409099456931692,0.183479992863861,0.7124290125672121
ENG-Premier League,2223,2022-08-21 West Ham-Brighton,2022-08-21 14:00:00,West Ham,Brighton,2.3,3.4,3.1,2.25,3.4,3.1,2.42,3.52,3.29,2.32,3.41,3.14,0.41590200834179186,0.2795760130879573,0.3045219785698006
ENG-Premier League,2223,2022-08-22 Manchester Utd-Liverpool,2022-08-22 20:00:00,Manchester Utd,Liverpool,5.25,4.33,1.6,5.25,4.33,1.57,5.6,4.7,1.65,5.22,4.38,1.6,0.17834986309109616,0.21464856960658438,0.6070015673027609
ENG-Premier League,2223,2022-08-27 Arsenal-Fulham,2022-08-27 17:30:00,Arsenal,Fulham,1.3,5.75,9.0,1.29,5.5,9.5,1.36,6.1,10.0,1.32,5.77,9.44,0.7415813554415404,0.16252543071521408,0.09589321384281457
ENG-Premier League,2223,2022-08-27 Brentford-Everton,2022-08-27 15:00:00,Brentford,Everton,2.0,3.5,3.75,2.05,3.4,3.6,2.16,3.58,3.92,2.06,3.47,3.77,0.4711479053546851,0.2757793804493741,0.2530727141964061
ENG-Premier League,2223,2022-08-27 Brighton-Leeds United,2022-08-27 15:00:00,Brighton,Leeds United,1.9,3.8,3.8,1.85,3.7,4.0,1.96,3.85,4.24,1.91,3.73,4.04,0.5087934948020069,0.2557861017944693,0.23542040340396905
ENG-Premier League,2223,2022-08-27 Chelsea-Leicester City,2022-08-27 15:00:00,Chelsea,Leicester City,1.4,5.0,7.0,1.4,4.75,7.5,1.46,5.2,8.2,1.42,4.93,7.52,0.6873682360147024,0.1908505297636721,0.12178123422121617
ENG-Premier League,2223,2022-08-27 Liverpool-Bournemouth,2022-08-27 15:00:00,Liverpool,Bournemouth,1.1,10.0,26.0,1.1,9.5,21.0,1.14,11.0,34.0,1.11,10.17,25.51,0.882856151748105,0.08746620864895169,0.0296776396027074
ENG-Premier League,2223,2022-08-27 Manchester City-Crystal Palace,2022-08-27 15:00:00,Manchester City,Crystal Palace,1.18,7.5,13.0,1.18,7.0,15.0,1.22,8.2,18.0,1.19,7.56,15.25,0.8229786481673839,0.12137515821420149,0.05564619361874047
ENG-Premier League,2223,2022-08-27 Southampton-Manchester Utd,2022-08-27 12:30:00,Southampton,Manchester Utd,4.2,4.0,1.8,4.2,4.0,1.75,4.5,4.35,1.85,4.27,4.06,1.8,0.22316244710535107,0.23516334115631027,0.5416742117388007
ENG-Premier League,2223,2022-08-28 Aston Villa-West Ham,2022-08-28 14:00:00,Aston Villa,West Ham,2.3,3.4,3.1,2.25,3.4,3.1,2.41,3.6,3.3,2.3,3.43,3.18,0.42030184773567225,0.2785062132093917,0.3011919390554002
ENG-Premier League,2223,2022-08-28 Nott'ham Forest-Tottenham,2022-08-28 16:30:00,Nott'ham Forest,Tottenham,7.0,4.6,1.44,7.0,4.4,1.44,7.5,4.8,1.51,6.98,4.59,1.47,0.1315840857875691,0.20532502708025052,0.6630908871317576
ENG-Premier League,2223,2022-08-28 Wolves-Newcastle Utd,2022-08-28 14:00:00,Wolves,Newcastle Utd,2.7,3.3,2.7,2.7,3.25,2.62,2.86,3.46,2.79,2.75,3.26,2.7,0.3498819184965724,0.293569740265903,0.3565483412379883
ENG-Premier League,2223,2022-08-30 Crystal Palace-Brentford,2022-08-30 19:30:00,Crystal Palace,Brentford,2.05,3.4,3.6,2.05,3.4,3.6,2.16,3.58,3.9,2.1,3.42,3.72,0.46252066621138027,0.2804184470274537,0.2570608867607026
ENG-Premier League,2223,2022-08-30 Fulham-Brighton,2022-08-30 19:30:00,Fulham,Brighton,3.1,3.3,2.3,3.2,3.2,2.3,3.44,3.45,2.4,3.21,3.35,2.33,0.2987899010118109,0.2858988106474138,0.4153112883403095
ENG-Premier League,2223,2022-08-30 Leeds United-Everton,2022-08-30 20:00:00,Leeds United,Everton,2.15,3.5,3.3,2.1,3.4,3.4,2.18,3.72,3.58,2.14,3.57,3.46,0.4540566350906958,0.2685599330827176,0.2773834318270649
ENG-Premier League,2223,2022-08-30 Southampton-Chelsea,2022-08-30 19:45:00,Southampton,Chelsea,5.25,4.0,1.61,5.25,4.0,1.62,5.5,4.3,1.69,5.22,4.16,1.65,0.1803567312851179,0.22868228455866563,0.5909609841557831
ENG-Premier League,2223,2022-08-31 Arsenal-Aston Villa,2022-08-31 19:30:00,Arsenal,Aston Villa,1.45,4.5,6.0,1.44,4.4,7.0,1.5,4.8,7.5,1.47,4.63,7.0,0.6640312183391947,0.20415191868806906,0.13181686297231787
ENG-Premier League,2223,2022-08-31 Bournemouth-Wolves,2022-08-31 19:30:00,Bournemouth,Wolves,3.5,3.3,2.15,3.5,3.4,2.1,3.67,3.54,2.24,3.53,3.38,2.16,0.26991580508362345,0.2823541825425772,0.4477300123742608
ENG-Premier League,2223,2022-08-31 Liverpool-Newcastle Utd,2022-08-31 20:00:00,Liverpool,Newcastle Utd,1.33,5.25,9.0,1.29,5.5,10.0,1.34,6.25,11.0,1.31,5.81,9.58,0.746002555204113,0.16045095656143404,0.09354648823406396
ENG-Premier League,2223,2022-08-31 Manchester City-Nott'ham Forest,2022-08-31 19:30:00,Manchester City,Nott'ham Forest,1.06,13.0,29.0,1.06,12.0,29.0,1.1,14.5,43.0,1.08,12.84,30.99,0.9087556824969388,0.06780128748611228,0.02344303001722428
ENG-Premier League,2223,2022-08-31 West Ham-Tottenham,2022-08-31 19:45:00,West Ham,Tottenham,3.6,3.8,1.95,3.7,3.6,1.95,3.8,3.9,2.08,3.63,3.74,2.01,0.26273048065606175,0.2547111720833644,0.4825583472601049
ENG-Premier League,2223,2022-09-01 Leicester City-Manchester Utd,2022-09-01 20:00:00,Leicester City,Manchester Utd,3.4,3.75,2.05,3.3,3.7,2.05,3.54,4.0,2.14,3.41,3.81,2.07,0.28081944913357,0.2503340333049733,0.46884651756098406
ENG-Premier League,2223,2022-09-03 Aston Villa-Manchester City,2022-09-03 17:30:00,Aston Villa,Manchester City,8.0,5.5,1.33,9.0,5.25,1.32,9.9,6.0,1.38,8.75,5.63,1.34,0.10379189899656527,0.16640982290695658,0.7297982780969068
ENG-Premier League,2223,2022-09-03 Brentford-Leeds United,2022-09-03 15:00:00,Brentford,Leeds United,2.1,3.5,3.4,2.15,3.5,3.2,2.25,3.75,3.45,2.17,3.59,3.33,0.4464858610780011,0.2659914311407738,0.2875227077807565
ENG-Premier League,2223,2022-09-03 Chelsea-West Ham,2022-09-03 15:00:00,Chelsea,West Ham,1.55,4.5,5.5,1.53,4.2,5.8,1.59,4.58,6.4,1.55,4.38,6.03,0.629177530969859,0.21631716861276915,0.15450530041779692
ENG-Premier League,2223,2022-09-03 Everton-Liverpool,2022-09-03 12:30:00,Everton,Liverpool,7.0,4.75,1.4,8.0,4.75,1.38,8.5,5.39,1.44,7.77,5.06,1.4,0.11739093039404815,0.1855173502256437,0.6970917193798971
ENG-Premier League,2223,2022-09-03 Newcastle Utd-Crystal Palace,2022-09-03 15:00:00,Newcastle Utd,Crystal Palace,2.0,3.5,3.75,2.0,3.4,3.7,2.12,3.6,4.0,2.05,3.48,3.8,0.4736953332297597,0.27513407463751177,0.25117059213318554
ENG-Premier League,2223,2022-09-03 Nott'ham Forest-Bournemouth,2022-09-03 15:00:00,Nott'ham Forest,Bournemouth,1.95,3.5,3.8,2.0,3.4,3.8,2.06,3.56,4.0,2.02,3.47,3.89,0.48014536014138504,0.27532561266716765,0.24452902719190395
ENG-Premier League,2223,2022-09-03 Tottenham-Fulham,2022-09-03 15:00:00,Tottenham,Fulham,1.5,4.5,6.5,1.47,4.33,6.5,1.53,4.8,7.04,1.49,4.62,6.54,0.6544233071530547,0.20420743858824816,0.1413692542582497
ENG-Premier League,2223,2022-09-03 Wolves-Southampton,2022-09-03 15:00:00,Wolves,Southampton,2.2,3.4,3.25,2.2,3.4,3.25,2.32,3.54,3.45,2.24,3.4,3.33,0.43181250054636955,0.2810341573528052,0.28715334210127796
ENG-Premier League,2223,2022-09-04 Brighton-Leicester City,2022-09-04 14:00:00,Brighton,Leicester City,1.83,3.5,4.5,1.83,3.4,4.5,1.92,3.77,4.85,1.87,3.6,4.43,0.5202266650207121,0.2656533128709745,0.21412002210878658
ENG-Premier League,2223,2022-09-04 Manchester Utd-Arsenal,2022-09-04 16:30:00,Manchester Utd,Arsenal,2.5,3.5,2.7,2.5,3.5,2.7,2.7,3.74,2.78,2.61,3.55,2.67,0.3696617399297312,0.26920317468482907,0.3611350853858961
ENG-Premier League,2223,2022-09-16 Aston Villa-Southampton,2022-09-16 20:00:00,Aston Villa,Southampton,2.1,3.5,3.5,2.05,3.5,3.5,2.18,3.72,3.62,2.1,3.55,3.53,0.4611608136467078,0.26862991038285305,0.2702092759708927
ENG-Premier League,2223,2022-09-16 Nott'ham Forest-Fulham,2022-09-16 20:00:00,Nott'ham Forest,Fulham,2.75,3.3,2.62,2.75,3.4,2.5,2.92,3.54,2.68,2.81,3.4,2.57,0.34274648773532906,0.2815935703175937,0.37565994194754493
ENG-Premier League,2223,2022-09-17 Newcastle Utd-Bournemouth,2022-09-17 15:00:00,Newcastle Utd,Bournemouth,1.44,4.4,7.5,1.44,4.2,7.5,1.5,4.7,7.77,1.47,4.47,7.39,0.6639503538900642,0.2117410187361654,0.12430862737421543
ENG-Premier League,2223,2022-09-17 Tottenham-Leicester City,2022-09-17 17:30:00,Tottenham,Leicester City,1.45,4.5,7.0,1.47,4.5,6.5,1.54,5.0,7.1,1.49,4.59,6.7,0.6553359410161125,0.20627826586550557,0.1383857931188158
ENG-Premier League,2223,2022-09-17 Wolves-Manchester City,2022-09-17 12:30:00,Wolves,Manchester City,9.5,5.0,1.33,9.5,5.25,1.32,10.0,5.9,1.37,9.25,5.47,1.34,0.0979506098180905,0.17183404611777617,0.7302153440645583
ENG-Premier League,2223,2022-09-18 Brentford-Arsenal,2022-09-18 12:00:00,Brentford,Arsenal,4.2,3.8,1.8,4.2,3.8,1.78,4.5,4.05,1.86,4.3,3.91,1.81,0.22010985482272494,0.24306194219056595,0.5368282029862648
ENG-Premier League,2223,2022-09-18 Everton-West Ham,2022-09-18 14:15:00,Everton,West Ham,2.9,3.25,2.5,2.9,3.25,2.45,3.05,3.45,2.58,2.95,3.31,2.5,0.32536356075009726,0.2888731429975161,0.3857632962519175
ENG-Premier League,2223,2022-10-01 Arsenal-Tottenham,2022-10-01 12:30:00,Arsenal,Tottenham,2.05,3.75,3.3,2.05,3.5,3.5,2.15,3.85,3.65,2.08,3.7,3.48,0.46669801175602643,0.2581909512050103,0.2751110370384893
ENG-Premier League,2223,2022-10-01 Bournemouth-Brentford,2022-10-01 15:00:00,Bournemouth,Brentford,3.3,3.4,2.2,3.3,3.4,2.15,3.5,3.56,2.28,3.36,3.44,2.21,0.2845118912823007,0.27766158060168883,0.43782652811645767
ENG-Premier League,2223,2022-10-01 Crystal Palace-Chelsea,2022-10-01 15:00:00,Crystal Palace,Chelsea,4.2,3.6,1.85,4.2,3.6,1.83,4.6,3.7,1.95,4.29,3.57,1.9,0.2210356918769652,0.2675718059594083,0.5113925021640923
ENG-Premier League,2223,2022-10-01 Fulham-Newcastle Utd,2022-10-01 15:00:00,Fulham,Newcastle Utd,3.0,3.4,2.37,3.0,3.3,2.35,3.15,3.68,2.42,3.04,3.46,2.37,0.3158167741114154,0.2762855452259616,0.4078976806621469
ENG-Premier League,2223,2022-10-01 Liverpool-Brighton,2022-10-01 15:00:00,Liverpool,Brighton,1.33,5.25,8.5,1.36,5.0,8.0,1.41,5.5,8.9,1.37,5.33,8.25,0.7133627352682175,0.17614752143060713,0.11048974330157584
ENG-Premier League,2223,2022-10-01 Southampton-Everton,2022-10-01 15:00:00,Southampton,Everton,2.15,3.4,3.4,2.15,3.4,3.3,2.28,3.52,3.55,2.19,3.41,3.44,0.44200010770499515,0.2802656103528943,0.27773428194256666
ENG-Premier League,2223,2022-10-01 West Ham-Wolves,2022-10-01 17:30:00,West Ham,Wolves,1.95,3.5,4.2,1.91,3.4,4.2,2.02,3.65,4.31,1.96,3.48,4.12,0.4951591678246417,0.27451016731926003,0.23033066485656223
ENG-Premier League,2223,2022-10-02 Leeds United-Aston Villa,2022-10-02 16:30:00,Leeds United,Aston Villa,2.35,3.4,3.0,2.35,3.4,2.9,2.48,3.66,3.12,2.36,3.46,3.03,0.40866634370754074,0.2753786066707779,0.3159550496221352
ENG-Premier League,2223,2022-10-02 Manchester City-Manchester Utd,2022-10-02 14:00:00,Manchester City,Manchester Utd,1.33,5.75,7.5,1.33,5.25,8.5,1.4,6.0,9.4,1.35,5.7,8.0,0.7230474863417212,0.1633887412057329,0.11356377245296408
ENG-Premier League,2223,2022-10-03 Leicester City-Nott'ham Forest,2022-10-03 20:00:00,Leicester City,Nott'ham Forest,1.75,4.0,4.33,1.73,3.9,4.4,1.8,4.2,4.51,1.76,4.05,4.41,0.5519637160300787,0.23398672051240887,0.21404956345795048
ENG-Premier League,2223,2022-10-08 Bournemouth-Leicester City,2022-10-08 15:00:00,Bournemouth,Leicester City,3.6,3.4,2.05,3.5,3.6,2.0,3.65,3.85,2.16,3.53,3.63,2.09,0.27144562804672306,0.26371506539802275,0.46483930655572064
ENG-Premier League,2223,2022-10-08 Brighton-Tottenham,2022-10-08 17:30:00,Brighton,Tottenham,2.8,3.4,2.5,2.7,3.4,2.5,2.83,3.66,2.68,2.76,3.47,2.58,0.3494632429482854,0.27603240018089803,0.37450435687035866
ENG-Premier League,2223,2022-10-08 Chelsea-Wolves,2022-10-08 15:00:00,Chelsea,Wolves,1.4,4.5,8.0,1.4,4.5,8.0,1.44,5.0,9.2,1.4,4.82,8.5,0.697595473526082,0.1956048979016719,0.10679962857268263
ENG-Premier League,2223,2022-10-08 Manchester City-Southampton,2022-10-08 15:00:00,Manchester City,Southampton,1.11,10.0,17.0,1.1,9.0,23.0,1.14,11.0,27.0,1.12,10.3,21.15,0.875453567598518,0.0866967774445058,0.03784965495723475
ENG-Premier League,2223,2022-10-08 Newcastle Utd-Brentford,2022-10-08 15:00:00,Newcastle Utd,Brentford,1.83,3.8,4.2,1.78,3.75,4.33,1.88,4.08,4.6,1.8,3.92,4.38,0.5405634635367842,0.24297931764222655,0.21645721882145447
ENG-Premier League,2223,2022-10-09 Arsenal-Liverpool,2022-10-09 16:30:00,Arsenal,Liverpool,2.5,3.6,2.62,2.5,3.6,2.6,2.69,3.96,2.7,2.58,3.72,2.62,0.3745049915222441,0.2568521848241815,0.3686428236531111
ENG-Premier League,2223,2022-10-09 Crystal Palace-Leeds United,2022-10-09 14:00:00,Crystal Palace,Leeds United,2.05,3.5,3.6,2.0,3.6,3.5,2.17,3.85,3.77,2.07,3.62,3.57,0.4686169322839112,0.2637763762409097,0.2676066914747184
ENG-Premier League,2223,2022-10-09 Everton-Manchester Utd,2022-10-09 19:00:00,Everton,Manchester Utd,3.6,3.5,2.05,3.5,3.5,2.05,3.71,3.8,2.15,3.56,3.58,2.09,0.2686218682102077,0.2670679563433119,0.46431017544694897
ENG-Premier League,2223,2022-10-09 West Ham-Fulham,2022-10-09 14:00:00,West Ham,Fulham,1.72,3.8,4.75,1.75,3.75,4.5,1.84,4.05,4.82,1.78,3.9,4.56,0.5473048306011054,0.24472374101464017,0.20797142838380814
ENG-Premier League,2223,2022-10-10 Nott'ham Forest-Aston Villa,2022-10-10 20:00:00,Nott'ham Forest,Aston Villa,3.3,3.4,2.2,3.4,3.3,2.15,3.48,3.65,2.25,3.35,3.49,2.19,0.28511828928680116,0.27326941227301127,0.4416122984406612
ENG-Premier League,2223,2022-10-14 Brentford-Brighton,2022-10-14 20:00:00,Brentford,Brighton,3.1,3.4,2.3,3.2,3.25,2.25,3.33,3.52,2.38,3.21,3.44,2.3,0.29950102901666587,0.2788655360159012,0.42163343496696687
ENG-Premier League,2223,2022-10-15 Fulham-Bournemouth,2022-10-15 15:00:00,Fulham,Bournemouth,1.85,3.75,4.0,1.88,3.6,4.0,1.96,3.9,4.3,1.89,3.72,4.13,0.5139561703811746,0.2562282576359956,0.22981557198238303
ENG-Premier League,2223,2022-10-15 Leicester City-Crystal Palace,2022-10-15 12:30:00,Leicester City,Crystal Palace,2.3,3.4,3.1,2.25,3.4,3.1,2.44,3.68,3.21,2.31,3.49,3.12,0.418735605753197,0.2738124311290559,0.30745196311819994
ENG-Premier League,2223,2022-10-15 Tottenham-Everton,2022-10-15 17:30:00,Tottenham,Everton,1.5,4.5,6.5,1.47,4.2,7.0,1.52,4.75,7.26,1.49,4.56,6.81,0.6557350063810392,0.20799083368814525,0.13627415993127207
ENG-Premier League,2223,2022-10-15 Wolves-Nott'ham Forest,2022-10-15 15:00:00,Wolves,Nott'ham Forest,1.7,3.75,5.0,1.7,3.7,5.0,1.78,3.9,5.5,1.72,3.81,5.13,0.56622267553741,0.25031475115695234,0.18346257330518867
ENG-Premier League,2223,2022-10-16 Aston Villa-Chelsea,2022-10-16 14:00:00,Aston Villa,Chelsea,4.33,3.75,1.8,4.4,3.6,1.8,4.78,3.84,1.87,4.54,3.69,1.82,0.20797094301273147,0.25817638561166745,0.5338526713760552
ENG-Premier League,2223,2022-10-16 Leeds United-Arsenal,2022-10-16 14:00:00,Leeds United,Arsenal,6.0,4.2,1.55,5.5,4.2,1.57,6.3,4.6,1.6,5.83,4.41,1.56,0.16013495782432732,0.2147830421644208,0.6250820000117138
ENG-Premier League,2223,2022-10-16 Liverpool-Manchester City,2022-10-16 16:30:00,Liverpool,Manchester City,3.6,4.0,1.9,3.7,3.9,1.88,4.1,4.33,1.95,3.74,4.06,1.91,0.25567889134049876,0.23480513478431886,0.5095159738747373
ENG-Premier League,2223,2022-10-16 Manchester Utd-Newcastle Utd,2022-10-16 14:00:00,Manchester Utd,Newcastle Utd,1.95,3.8,3.5,1.95,3.7,3.6,2.04,4.0,3.84,2.0,3.78,3.65,0.4857012500510058,0.2524843158515867,0.2618144340978621
ENG-Premier League,2223,2022-10-16 Southampton-West Ham,2022-10-16 14:00:00,Southampton,West Ham,2.9,3.4,2.4,2.88,3.4,2.38,3.08,3.6,2.5,2.96,3.42,2.44,0.3245655900895309,0.2795802468387082,0.39585416307129107
ENG-Premier League,2223,2022-10-18 Brighton-Nott'ham Forest,2022-10-18 19:30:00,Brighton,Nott'ham Forest,1.4,4.75,7.0,1.4,4.5,8.0,1.45,5.2,9.0,1.4,4.91,8.19,0.6973249115513959,0.1916517075176205,0.11102338093057308
ENG-Premier League,2223,2022-10-18 Crystal Palace-Wolves,2022-10-18 20:15:00,Crystal Palace,Wolves,2.25,3.1,3.4,2.25,3.2,3.3,2.34,3.38,3.61,2.29,3.19,3.46,0.4227498110216139,0.30073601425985796,0.2765141747189947
ENG-Premier League,2223,2022-10-19 Bournemouth-Southampton,2022-10-19 19:30:00,Bournemouth,Southampton,2.62,3.3,2.62,2.7,3.25,2.6,2.8,3.42,2.78,2.72,3.33,2.69,0.35420750081092983,0.28752491178967055,0.35826758739894693
ENG-Premier League,2223,2022-10-19 Brentford-Chelsea,2022-10-19 19:30:00,Brentford,Chelsea,4.75,3.8,1.72,4.6,3.75,1.73,5.44,4.28,1.8,4.79,3.92,1.74,0.19722242018547437,0.2430916697933461,0.5596859100216193
ENG-Premier League,2223,2022-10-19 Liverpool-West Ham,2022-10-19 19:30:00,Liverpool,West Ham,1.4,5.0,7.0,1.4,4.75,7.5,1.48,5.25,8.2,1.44,5.01,6.96,0.6786449730451436,0.18834525435992155,0.13300977259537092
ENG-Premier League,2223,2022-10-19 Manchester Utd-Tottenham,2022-10-19 20:15:00,Manchester Utd,Tottenham,2.45,3.5,2.75,2.38,3.5,2.8,2.56,3.75,2.99,2.45,3.57,2.86,0.3949380222177334,0.2680912810517242,0.3369706967309973
ENG-Premier League,2223,2022-10-19 Newcastle Utd-Everton,2022-10-19 19:30:00,Newcastle Utd,Everton,1.6,3.8,5.75,1.63,3.9,5.25,1.69,4.3,6.0,1.64,4.05,5.46,0.5939111273132874,0.23459068767855937,0.17149818500861416
ENG-Premier League,2223,2022-10-20 Fulham-Aston Villa,2022-10-20 19:30:00,Fulham,Aston Villa,2.9,3.3,2.5,2.8,3.4,2.45,3.0,3.58,2.59,2.88,3.42,2.51,0.33453317588017456,0.280228616284832,0.3852382078345135
ENG-Premier League,2223,2022-10-20 Leicester City-Leeds United,2022-10-20 20:15:00,Leicester City,Leeds United,2.25,3.6,3.0,2.3,3.4,3.0,2.4,3.7,3.12,2.32,3.58,3.03,0.41672950759707345,0.2665402896009535,0.3167302028015232
ENG-Premier League,2223,2022-10-22 Chelsea-Manchester Utd,2022-10-22 17:30:00,Chelsea,Manchester Utd,2.05,3.5,3.5,2.1,3.4,3.4,2.2,3.68,3.7,2.14,3.51,3.5,0.45352225993530665,0.2728357612676696,0.27364197879654717
ENG-Premier League,2223,2022-10-22 Everton-Crystal Palace,2022-10-22 15:00:00,Everton,Crystal Palace,2.6,3.2,2.87,2.5,3.2,2.9,2.69,3.25,3.05,2.58,3.18,2.96,0.37389308371029645,0.3014833096478319,0.3246236066423343
ENG-Premier League,2223,2022-10-22 Manchester City-Brighton,2022-10-22 15:00:00,Manchester City,Brighton,1.2,7.0,13.0,1.2,6.5,15.0,1.23,7.25,17.0,1.21,6.94,14.36,0.8083293662859717,0.1325129167031578,0.05915771701126652
ENG-Premier League,2223,2022-10-22 Nott'ham Forest-Liverpool,2022-10-22 12:30:00,Nott'ham Forest,Liverpool,11.0,6.0,1.25,11.0,5.8,1.25,12.0,6.73,1.3,11.31,6.19,1.26,0.07678846705309102,0.1488567584194366,0.7743547745270728
ENG-Premier League,2223,2022-10-23 Aston Villa-Brentford,2022-10-23 14:00:00,Aston Villa,Brentford,2.1,3.5,3.5,2.1,3.4,3.4,2.23,3.61,3.6,2.14,3.5,3.49,0.4529352634201462,0.27312711893624364,0.27393761764407576
ENG-Premier League,2223,2022-10-23 Leeds United-Fulham,2022-10-23 14:00:00,Leeds United,Fulham,2.05,3.5,3.6,2.0,3.5,3.6,2.12,3.75,3.77,2.06,3.62,3.59,0.470654033903426,0.2635305273624112,0.2658154387337035
ENG-Premier League,2223,2022-10-23 Southampton-Arsenal,2022-10-23 14:00:00,Southampton,Arsenal,6.0,4.0,1.57,5.5,4.0,1.6,6.3,4.5,1.6,5.78,4.27,1.58,0.16137532450820657,0.22190042407382457,0.6167242514184224
ENG-Premier League,2223,2022-10-23 Tottenham-Newcastle Utd,2022-10-23 16:30:00,Tottenham,Newcastle Utd,2.05,3.5,3.5,2.05,3.5,3.5,2.18,3.76,3.72,2.09,3.58,3.53,0.46344597444685864,0.26631931839803397,0.27023470715463727
ENG-Premier League,2223,2022-10-23 Wolves-Leicester City,2022-10-23 14:00:00,Wolves,Leicester City,2.25,3.25,3.25,2.25,3.3,3.2,2.38,3.5,3.46,2.3,3.38,3.24,0.42083288187940604,0.28325453686797325,0.2959125812530959
ENG-Premier League,2223,2022-10-24 West Ham-Bournemouth,2022-10-24 20:00:00,West Ham,Bournemouth,1.55,4.0,6.0,1.55,4.0,6.0,1.59,4.49,6.6,1.55,4.16,6.2,0.6261554086240456,0.22596478837334333,0.14787980300303555
ENG-Premier League,2223,2022-10-29 Bournemouth-Tottenham,2022-10-29 15:00:00,Bournemouth,Tottenham,5.0,3.8,1.7,5.0,3.8,1.67,5.46,4.01,1.75,5.1,3.91,1.69,0.18320509856286818,0.24219803447287508,0.5745968669638138
ENG-Premier League,2223,2022-10-29 Brentford-Wolves,2022-10-29 15:00:00,Brentford,Wolves,2.2,3.4,3.3,2.15,3.3,3.4,2.28,3.55,3.45,2.2,3.46,3.33,0.4387747233058508,0.27503345896064924,0.2861918177339579
ENG-Premier League,2223,2022-10-29 Brighton-Chelsea,2022-10-29 15:00:00,Brighton,Chelsea,3.0,3.3,2.4,3.0,3.25,2.38,3.17,3.44,2.52,3.03,3.34,2.41,0.31543775717373107,0.28514559170400994,0.39941665112181224
ENG-Premier League,2223,2022-10-29 Crystal Palace-Southampton,2022-10-29 15:00:00,Crystal Palace,Southampton,1.9,3.6,4.0,1.95,3.5,3.9,2.0,3.65,4.22,1.95,3.57,4.03,0.4974568073703342,0.2670906218371278,0.2354525707929897
ENG-Premier League,2223,2022-10-29 Fulham-Everton,2022-10-29 17:30:00,Fulham,Everton,2.37,3.4,3.0,2.3,3.4,3.0,2.42,3.62,3.2,2.36,3.43,3.07,0.409284099111304,0.27843956752805255,0.3122763333601715
ENG-Premier League,2223,2022-10-29 Leicester City-Manchester City,2022-10-29 12:30:00,Leicester City,Manchester City,10.0,6.5,1.25,9.5,5.5,1.29,10.5,6.5,1.33,9.66,6.09,1.29,0.0918691776376585,0.15172935388725603,0.7564014684747213
ENG-Premier League,2223,2022-10-29 Liverpool-Leeds United,2022-10-29 19:45:00,Liverpool,Leeds United,1.3,6.0,9.0,1.3,5.5,9.0,1.34,6.4,10.0,1.3,6.07,9.16,0.7504034839707723,0.1522112855282797,0.09738523050131902
ENG-Premier League,2223,2022-10-29 Newcastle Utd-Aston Villa,2022-10-29 15:00:00,Newcastle Utd,Aston Villa,1.8,3.75,4.5,1.8,3.6,4.33,1.88,3.82,4.6,1.83,3.73,4.41,0.5306594978163088,0.2551197964873565,0.21422070569587862
ENG-Premier League,2223,2022-10-30 Arsenal-Nott'ham Forest,2022-10-30 14:00:00,Arsenal,Nott'ham Forest,1.2,7.0,12.0,1.2,6.5,15.0,1.24,7.5,17.0,1.2,6.96,14.82,0.8132223002704061,0.13083303058248572,0.055944669147468144
ENG-Premier League,2223,2022-10-30 Manchester Utd-West Ham,2022-10-30 16:15:00,Manchester Utd,West Ham,1.66,4.0,4.8,1.7,3.9,4.75,1.77,4.2,5.14,1.7,4.02,4.85,0.5712982803012391,0.2353952460781225,0.19330647362109357
ENG-Premier League,2223,2022-11-05 Everton-Leicester City,2022-11-05 17:30:00,Everton,Leicester City,2.4,3.3,3.0,2.35,3.3,3.0,2.5,3.5,3.15,2.43,3.33,3.03,0.3969075785613568,0.28683529037655964,0.3162571310625451
ENG-Premier League,2223,2022-11-05 Leeds United-Bournemouth,2022-11-05 15:00:00,Leeds United,Bournemouth,1.72,3.8,4.75,1.75,3.75,4.5,1.77,4.12,5.1,1.74,3.93,4.73,0.5589161044862668,0.24183293982804524,0.1992509556861258
ENG-Premier League,2223,2022-11-05 Manchester City-Fulham,2022-11-05 15:00:00,Manchester City,Fulham,1.11,9.5,19.0,1.12,8.5,19.0,1.16,11.0,23.0,1.13,9.74,19.8,0.8672082537408005,0.09199178674916288,0.040799959509692875
ENG-Premier League,2223,2022-11-05 Nott'ham Forest-Brentford,2022-11-05 15:00:00,Nott'ham Forest,Brentford,2.75,3.3,2.6,2.8,3.3,2.5,2.86,3.54,2.72,2.78,3.39,2.59,0.3459820990622672,0.28191239875892943,0.37210550217926885
ENG-Premier League,2223,2022-11-05 Wolves-Brighton,2022-11-05 15:00:00,Wolves,Brighton,3.3,3.3,2.25,3.4,3.3,2.15,3.55,3.54,2.34,3.39,3.33,2.24,0.28161767166037904,0.2868769984654514,0.43150532987464
ENG-Premier League,2223,2022-11-06 Aston Villa-Manchester Utd,2022-11-06 14:00:00,Aston Villa,Manchester Utd,3.3,3.8,2.1,3.4,3.5,2.1,3.61,3.68,2.24,3.39,3.54,2.15,0.2813380378239981,0.2689729665746867,0.44968899560084635
ENG-Premier League,2223,2022-11-06 Chelsea-Arsenal,2022-11-06 12:00:00,Chelsea,Arsenal,2.55,3.4,2.7,2.6,3.25,2.7,2.72,3.54,2.85,2.64,3.42,2.7,0.3646100536881633,0.27911143584963966,0.35627851046173886
ENG-Premier League,2223,2022-11-06 Southampton-Newcastle Utd,2022-11-06 14:00:00,Southampton,Newcastle Utd,4.0,3.6,1.9,3.9,3.6,1.91,4.2,3.84,1.96,4.02,3.66,1.92,0.23552924382334908,0.2597290694580623,0.5047416867181299
ENG-Premier League,2223,2022-11-06 Tottenham-Liverpool,2022-11-06 16:30:00,Tottenham,Liverpool,3.3,3.6,2.1,3.25,3.5,2.15,3.48,3.8,2.25,3.28,3.67,2.16,0.2918498563609211,0.25978077126696203,0.4483693723725724
ENG-Premier League,2223,2022-11-06 West Ham-Crystal Palace,2022-11-06 14:00:00,West Ham,Crystal Palace,1.9,3.4,4.2,1.88,3.4,4.2,1.98,3.66,4.35,1.94,3.49,4.18,0.5000139571466611,0.27339323884528677,0.2265928040075835
ENG-Premier League,2223,2022-11-12 Bournemouth-Everton,2022-11-12 15:00:00,Bournemouth,Everton,2.8,3.25,2.6,2.8,3.1,2.6,2.94,3.35,2.69,2.86,3.25,2.6,0.33563875255241105,0.2941186218205532,0.3702426256275121
ENG-Premier League,2223,2022-11-12 Liverpool-Southampton,2022-11-12 15:00:00,Liverpool,Southampton,1.25,6.5,11.0,1.24,6.0,12.0,1.28,7.0,12.0,1.25,6.52,11.38,0.78167789832459,0.14145926415705812,0.07686283751870665
ENG-Premier League,2223,2022-11-12 Manchester City-Brentford,2022-11-12 12:30:00,Manchester City,Brentford,1.14,8.0,17.0,1.12,8.5,19.0,1.16,9.6,24.0,1.14,8.92,19.14,0.8579514758985578,0.10035852996961596,0.04168999413155895
ENG-Premier League,2223,2022-11-12 Newcastle Utd-Chelsea,2022-11-12 17:30:00,Newcastle Utd,Chelsea,2.35,3.4,3.0,2.25,3.4,3.1,2.42,3.6,3.24,2.33,3.44,3.11,0.4145384296128581,0.27746800005378486,0.30799357033382146
ENG-Premier League,2223,2022-11-12 Nott'ham Forest-Crystal Palace,2022-11-12 15:00:00,Nott'ham Forest,Crystal Palace,3.1,3.1,2.45,3.1,3.2,2.38,3.27,3.42,2.5,3.12,3.24,2.43,0.30721755749708257,0.29546733397470426,0.397315108527743
ENG-Premier League,2223,2022-11-12 Tottenham-Leeds United,2022-11-12 15:00:00,Tottenham,Leeds United,1.65,4.2,4.75,1.6,4.2,5.0,1.68,4.49,5.55,1.64,4.26,5.04,0.5926977251315967,0.22160937120116544,0.18569290366681285
ENG-Premier League,2223,2022-11-12 West Ham-Leicester City,2022-11-12 15:00:00,West Ham,Leicester City,2.05,3.4,3.75,2.05,3.5,3.5,2.14,3.68,3.75,2.09,3.51,3.6,0.46342341104671597,0.2718124780143357,0.2647641109384965
ENG-Premier League,2223,2022-11-12 Wolves-Arsenal,2022-11-12 19:45:00,Wolves,Arsenal,6.0,4.2,1.55,6.0,4.2,1.53,6.5,4.44,1.59,6.15,4.26,1.55,0.1503984541511319,0.22170863568476742,0.6278929101645168
ENG-Premier League,2223,2022-11-13 Brighton-Aston Villa,2022-11-13 14:00:00,Brighton,Aston Villa,1.83,3.75,4.2,1.85,3.5,4.2,1.9,3.87,4.4,1.86,3.71,4.21,0.5206565566446593,0.2554935933797644,0.2238498499751405
ENG-Premier League,2223,2022-11-13 Fulham-Manchester Utd,2022-11-13 16:30:00,Fulham,Manchester Utd,3.8,3.8,1.9,3.9,3.75,1.85,4.11,4.05,1.95,3.91,3.88,1.89,0.2425183511375102,0.2444742422019909,0.5130074066600495
ENG-Premier League,2223,2022-12-26 Arsenal-West Ham,2022-12-26 20:00:00,Arsenal,West Ham,1.5,4.33,6.5,1.47,4.33,6.5,1.55,4.7,7.1,1.51,4.39,6.52,0.6444363559915658,0.21454654363992628,0.14101710036809784
ENG-Premier League,2223,2022-12-26 Aston Villa-Liverpool,2022-12-26 17:30:00,Aston Villa,Liverpool,4.75,4.0,1.7,4.6,4.0,1.7,4.85,4.26,1.8,4.51,4.04,1.75,0.2094254665494643,0.23494809393948388,0.5556264395105956
ENG-Premier League,2223,2022-12-26 Brentford-Tottenham,2022-12-26 12:30:00,Brentford,Tottenham,4.0,3.6,1.91,3.75,3.6,1.95,4.05,3.9,2.04,3.85,3.74,1.95,0.24728128120172838,0.25484290009133886,0.4978758187074009
ENG-Premier League,2223,2022-12-26 Crystal Palace-Fulham,2022-12-26 15:00:00,Crystal Palace,Fulham,2.05,3.6,3.5,2.05,3.5,3.5,2.12,3.68,3.7,2.07,3.55,3.58,0.4669247710581909,0.2677046887502962,0.2653705401919686
ENG-Premier League,2223,2022-12-26 Everton-Wolves,2022-12-26 15:00:00,Everton,Wolves,2.3,3.25,3.2,2.3,3.2,3.2,2.45,3.44,3.35,2.35,3.25,3.24,0.4107694893763734,0.2941453986519389,0.2950851119712383
ENG-Premier League,2223,2022-12-26 Leicester City-Newcastle Utd,2022-12-26 15:00:00,Leicester City,Newcastle Utd,3.25,3.5,2.2,3.25,3.5,2.15,3.36,3.68,2.28,3.24,3.54,2.21,0.29452079051096536,0.2686518116731111,0.4368273978163814
ENG-Premier League,2223,2022-12-26 Southampton-Brighton,2022-12-26 15:00:00,Southampton,Brighton,3.3,3.5,2.15,3.4,3.4,2.1,3.59,3.66,2.22,3.4,3.51,2.15,0.27998985280178823,0.27087514253036293,0.4491350046682961
ENG-Premier League,2223,2022-12-27 Chelsea-Bournemouth,2022-12-27 17:30:00,Chelsea,Bournemouth,1.3,5.5,10.0,1.32,5.0,9.5,1.36,5.8,11.0,1.32,5.46,9.72,0.738667988036794,0.17025993280251928,0.09107207916110442
ENG-Premier League,2223,2022-12-27 Manchester Utd-Nott'ham Forest,2022-12-27 20:00:00,Manchester Utd,Nott'ham Forest,1.29,5.5,11.0,1.32,5.25,9.5,1.35,5.8,12.0,1.31,5.51,10.4,0.7455073834701448,0.16936979102266198,0.08512282550758218
ENG-Premier League,2223,2022-12-28 Leeds United-Manchester City,2022-12-28 20:00:00,Leeds United,Manchester City,9.5,6.0,1.29,9.5,5.5,1.29,10.5,6.22,1.33,9.46,5.99,1.3,0.09430821237595265,0.15474592759842185,0.7509458600260117
ENG-Premier League,2223,2022-12-30 Liverpool-Leicester City,2022-12-30 20:00:00,Liverpool,Leicester City,1.29,6.0,9.5,1.27,5.8,10.0,1.33,6.55,10.75,1.3,6.03,9.64,0.7522748224834364,0.15454257638229896,0.0931826011346694
ENG-Premier League,2223,2022-12-30 West Ham-Brentford,2022-12-30 19:45:00,West Ham,Brentford,2.0,3.6,3.6,2.0,3.5,3.6,2.12,3.7,3.78,2.06,3.59,3.64,0.47120614933841587,0.2662912977448709,0.26250255291718544
ENG-Premier League,2223,2022-12-31 Bournemouth-Crystal Palace,2022-12-31 15:00:00,Bournemouth,Crystal Palace,2.8,3.3,2.5,2.9,3.2,2.5,3.03,3.4,2.66,2.91,3.27,2.55,0.3298076227539759,0.2923674441627586,0.3778249330837395
ENG-Premier League,2223,2022-12-31 Brighton-Arsenal,2022-12-31 17:30:00,Brighton,Arsenal,3.4,3.5,2.1,3.4,3.5,2.1,3.6,3.72,2.17,3.46,3.56,2.12,0.27574029231252367,0.26770717498974805,0.45655253269819357
ENG-Premier League,2223,2022-12-31 Fulham-Southampton,2022-12-31 15:00:00,Fulham,Southampton,1.95,3.6,3.75,2.0,3.5,3.6,2.09,3.7,4.02,2.02,3.57,3.77,0.4801053030850435,0.2673011344857977,0.2525935624296202
ENG-Premier League,2223,2022-12-31 Manchester City-Everton,2022-12-31 15:00:00,Manchester City,Everton,1.13,9.0,19.0,1.11,8.5,23.0,1.17,10.0,25.0,1.14,8.61,21.51,0.8587301802106498,0.10478182406046475,0.03648799572917643
ENG-Premier League,2223,2022-12-31 Newcastle Utd-Leeds United,2022-12-31 15:00:00,Newcastle Utd,Leeds United,1.45,4.5,7.0,1.44,4.5,7.0,1.51,4.9,7.3,1.47,4.73,6.73,0.6635543213837057,0.19928694036226308,0.13715873825445138
ENG-Premier League,2223,2022-12-31 Wolves-Manchester Utd,2022-12-31 12:30:00,Wolves,Manchester Utd,4.0,3.6,1.91,3.9,3.5,1.95,4.31,3.76,1.98,4.09,3.64,1.92,0.2321582134109801,0.2620752542808787,0.5057665323076725
ENG-Premier League,2223,2023-01-01 Nott'ham Forest-Chelsea,2023-01-01 16:30:00,Nott'ham Forest,Chelsea,5.0,3.8,1.7,5.0,3.7,1.7,5.5,4.0,1.74,5.21,3.88,1.69,0.17974224200483754,0.24482096221076838,0.5754367957839627
ENG-Premier League,2223,2023-01-01 Tottenham-Aston Villa,2023-01-01 14:00:00,Tottenham,Aston Villa,1.67,4.0,5.0,1.65,3.9,5.0,1.73,4.22,5.25,1.68,4.06,4.94,0.5779177138835917,0.2327253958202626,0.18935689029570396
ENG-Premier League,2223,2023-01-02 Brentford-Liverpool,2023-01-02 17:30:00,Brentford,Liverpool,5.5,4.33,1.55,5.5,4.33,1.53,5.8,4.75,1.6,5.65,4.52,1.56,0.16555685477412235,0.209338834527486,0.6251043106979487
ENG-Premier League,2223,2023-01-03 Arsenal-Newcastle Utd,2023-01-03 19:45:00,Arsenal,Newcastle Utd,1.8,3.8,4.33,1.78,3.7,4.4,1.85,3.99,4.75,1.82,3.83,4.39,0.5347555824988818,0.24911088935145684,0.21613352814921163
ENG-Premier League,2223,2023-01-03 Everton-Brighton,2023-01-03 19:45:00,Everton,Brighton,3.5,3.5,2.1,3.5,3.4,2.1,3.68,3.55,2.18,3.56,3.46,2.13,0.2684025381106555,0.27644026012419787,0.4551572017656158
ENG-Premier League,2223,2023-01-03 Leicester City-Fulham,2023-01-03 19:45:00,Leicester City,Fulham,2.2,3.6,3.1,2.2,3.5,3.1,2.28,3.78,3.3,2.23,3.63,3.16,0.433963487105183,0.26273941877640394,0.30329709411795086
ENG-Premier League,2223,2023-01-03 Manchester Utd-Bournemouth,2023-01-03 20:00:00,Manchester Utd,Bournemouth,1.29,5.5,11.0,1.29,5.5,10.0,1.32,6.2,11.5,1.29,5.94,10.56,0.7584221068270735,0.15717452448776953,0.0844033686847698
ENG-Premier League,2223,2023-01-04 Aston Villa-Wolves,2023-01-04 20:00:00,Aston Villa,Wolves,1.95,3.6,4.0,1.95,3.4,3.9,2.04,3.76,4.0,1.99,3.57,3.86,0.48702458306988783,0.26689841648127843,0.24607700044927702
ENG-Premier League,2223,2023-01-04 Crystal Palace-Tottenham,2023-01-04 20:00:00,Crystal Palace,Tottenham,3.4,3.5,2.15,3.4,3.4,2.1,3.5,3.64,2.23,3.34,3.48,2.19,0.28545637555953657,0.27354309777650276,0.44100052666350953
ENG-Premier League,2223,2023-01-04 Leeds United-West Ham,2023-01-04 19:45:00,Leeds United,West Ham,2.6,3.5,2.6,2.6,3.5,2.55,2.7,3.7,2.76,2.62,3.52,2.65,0.3669391415908556,0.27039689549866996,0.36266396291002767
ENG-Premier League,2223,2023-01-04 Southampton-Nott'ham Forest,2023-01-04 19:30:00,Southampton,Nott'ham Forest,2.0,3.5,3.8,2.05,3.3,3.75,2.12,3.6,4.2,2.03,3.46,3.82,0.47659738888950526,0.27516978973543055,0.24823282137550456
ENG-Premier League,2223,2023-01-05 Chelsea-Manchester City,2023-01-05 20:00:00,Chelsea,Manchester City,5.0,4.0,1.67,5.0,3.9,1.65,5.6,4.25,1.74,5.17,4.03,1.66,0.18045418344152245,0.23453385833333892,0.5850119582247125
ENG-Premier League,2223,2023-01-12 Fulham-Chelsea,2023-01-12 20:00:00,Fulham,Chelsea,3.3,3.5,2.15,3.2,3.4,2.2,3.52,3.74,2.23,3.36,3.54,2.18,0.28514248101075673,0.27015728209247863,0.44470023689724236
ENG-Premier League,2223,2023-01-13 Aston Villa-Leeds United,2023-01-13 20:00:00,Aston Villa,Leeds United,1.91,3.6,4.0,1.95,3.5,3.9,2.0,3.75,4.2,1.94,3.63,4.02,0.5005815159103731,0.26293680188023394,0.23648168220984123
ENG-Premier League,2223,2023-01-14 Brentford-Bournemouth,2023-01-14 17:30:00,Brentford,Bournemouth,1.65,4.0,5.25,1.63,3.9,5.25,1.71,4.35,5.55,1.66,4.09,5.2,0.5868733811933954,0.23238971184397236,0.18073690696308764
ENG-Premier League,2223,2023-01-14 Brighton-Liverpool,2023-01-14 15:00:00,Brighton,Liverpool,3.4,3.6,2.1,3.25,3.6,2.1,3.55,3.95,2.2,3.31,3.76,2.12,0.28928885741882054,0.2534947400371426,0.45721640254450246
ENG-Premier League,2223,2023-01-14 Everton-Southampton,2023-01-14 15:00:00,Everton,Southampton,2.25,3.25,3.3,2.25,3.3,3.2,2.32,3.55,3.4,2.25,3.39,3.32,0.42992323189506315,0.28196034577722096,0.2881164223281887
ENG-Premier League,2223,2023-01-14 Manchester Utd-Manchester City,2023-01-14 12:30:00,Manchester Utd,Manchester City,4.2,3.6,1.85,4.2,3.8,1.8,4.36,4.15,1.88,4.21,3.9,1.84,0.2260569047899956,0.24475600003580916,0.5291870951746507
ENG-Premier League,2223,2023-01-14 Nott'ham Forest-Leicester City,2023-01-14 15:00:00,Nott'ham Forest,Leicester City,2.7,3.3,2.63,2.62,3.3,2.62,2.8,3.55,2.75,2.72,3.4,2.65,0.35439869325572987,0.28158467313570995,0.36401663360903896
ENG-Premier League,2223,2023-01-14 Wolves-West Ham,2023-01-14 15:00:00,Wolves,West Ham,2.63,3.3,2.7,2.62,3.2,2.7,2.8,3.41,2.83,2.7,3.27,2.75,0.35686334152250904,0.29294127761199185,0.3501953808650398
ENG-Premier League,2223,2023-01-15 Chelsea-Crystal Palace,2023-01-15 14:00:00,Chelsea,Crystal Palace,1.62,4.0,5.25,1.63,3.75,5.5,1.7,4.35,5.77,1.66,3.93,5.47,0.5866911149352961,0.24209886482906753,0.17121002023520324
ENG-Premier League,2223,2023-01-15 Newcastle Utd-Fulham,2023-01-15 14:00:00,Newcastle Utd,Fulham,1.5,4.33,6.5,1.5,4.2,6.5,1.56,4.6,6.75,1.52,4.42,6.32,0.6405506121252629,0.21333973082899055,0.14610965704619683
ENG-Premier League,2223,2023-01-15 Tottenham-Arsenal,2023-01-15 16:30:00,Tottenham,Arsenal,3.1,3.6,2.2,3.25,3.5,2.15,3.38,3.85,2.24,3.24,3.63,2.18,0.2947685776576004,0.26196667843627225,0.4432647439056704
ENG-Premier League,2223,2023-01-18 Crystal Palace-Manchester Utd,2023-01-18 20:00:00,Crystal Palace,Manchester Utd,4.5,3.6,1.8,4.5,3.6,1.78,4.7,3.9,1.84,4.56,3.78,1.8,0.20740575791070565,0.25219728758076354,0.5403969545080871
ENG-Premier League,2223,2023-01-19 Manchester City-Tottenham,2023-01-19 20:00:00,Manchester City,Tottenham,1.36,5.0,8.5,1.35,5.0,8.5,1.4,5.75,9.2,1.37,5.41,8.06,0.7133284931396918,0.17338013766474902,0.11329136919513383
ENG-Premier League,2223,2023-01-21 Bournemouth-Nott'ham Forest,2023-01-21 15:00:00,Bournemouth,Nott'ham Forest,2.75,3.1,2.75,2.7,3.1,2.7,2.86,3.35,2.88,2.76,3.18,2.76,0.3491297136971952,0.30174057260606846,0.3491297136971952
ENG-Premier League,2223,2023-01-21 Crystal Palace-Newcastle Utd,2023-01-21 17:30:00,Crystal Palace,Newcastle Utd,4.4,3.5,1.85,4.33,3.5,1.83,4.9,3.83,1.92,4.4,3.58,1.88,0.21557032559057765,0.2671132950087593,0.5173163794011282
ENG-Premier League,2223,2023-01-21 Leicester City-Brighton,2023-01-21 15:00:00,Leicester City,Brighton,3.6,3.5,2.05,3.5,3.5,2.05,3.61,3.89,2.14,3.51,3.65,2.08,0.27228603102596416,0.2614679642215468,0.46624600475296
ENG-Premier League,2223,2023-01-21 Liverpool-Chelsea,2023-01-21 12:30:00,Liverpool,Chelsea,1.85,3.75,4.0,1.85,3.7,4.0,1.94,3.98,4.25,1.89,3.82,4.08,0.5154805557690194,0.2505240316054986,0.23399541262501689
ENG-Premier League,2223,2023-01-21 Southampton-Aston Villa,2023-01-21 15:00:00,Southampton,Aston Villa,2.88,3.25,2.55,2.8,3.3,2.5,2.96,3.5,2.58,2.88,3.38,2.53,0.33443068532299275,0.28355735510174673,0.3820119595757132
ENG-Premier League,2223,2023-01-21 West Ham-Everton,2023-01-21 15:00:00,West Ham,Everton,1.8,3.75,4.75,1.78,3.5,4.75,1.85,3.93,5.25,1.8,3.68,4.76,0.5411675362653434,0.2599464255222359,0.19888603821287187
ENG-Premier League,2223,2023-01-22 Arsenal-Manchester Utd,2023-01-22 16:30:00,Arsenal,Manchester Utd,1.8,3.8,4.2,1.88,3.6,4.0,1.91,4.1,4.35,1.86,3.86,4.08,0.5217482616409387,0.24603550206056926,0.23221623629803018
ENG-Premier League,2223,2023-01-22 Leeds United-Brentford,2023-01-22 14:00:00,Leeds United,Brentford,2.38,3.6,2.88,2.35,3.5,2.88,2.44,3.9,2.99,2.38,3.67,2.89,0.4065719056026737,0.2602993605670756,0.33312873382977487
ENG-Premier League,2223,2023-01-22 Manchester City-Wolves,2023-01-22 14:00:00,Manchester City,Wolves,1.2,8.0,11.0,1.18,7.0,15.0,1.22,8.0,17.5,1.2,7.38,14.81,0.8168599343539327,0.125106097673873,0.058033967971809056
ENG-Premier League,2223,2023-01-23 Fulham-Tottenham,2023-01-23 20:00:00,Fulham,Tottenham,3.3,3.6,2.1,3.25,3.6,2.1,3.4,3.98,2.19,3.25,3.75,2.13,0.29350596984661415,0.25293474215491424,0.4535592879989303
ENG-Premier League,2223,2023-02-03 Chelsea-Fulham,2023-02-03 20:00:00,Chelsea,Fulham,1.62,4.0,5.25,1.62,3.8,5.5,1.67,4.2,5.8,1.64,4.05,5.55,0.5950806031211608,0.23550247736784113,0.1694169195114566
ENG-Premier League,2223,2023-02-04 Aston Villa-Leicester City,2023-02-04 15:00:00,Aston Villa,Leicester City,1.95,3.6,3.8,1.95,3.6,3.75,2.04,3.8,3.95,1.99,3.64,3.83,0.48825942948311113,0.2626182148843336,0.2491223556330139
ENG-Premier League,2223,2023-02-04 Brentford-Southampton,2023-02-04 15:00:00,Brentford,Southampton,1.85,3.6,4.2,1.85,3.5,4.2,1.94,3.76,4.36,1.89,3.64,4.21,0.5134670718565364,0.26166709637269364,0.22486583177121577
ENG-Premier League,2223,2023-02-04 Brighton-Bournemouth,2023-02-04 15:00:00,Brighton,Bournemouth,1.33,5.25,8.5,1.33,4.8,9.5,1.38,5.5,10.0,1.35,5.22,9.18,0.7230140810703869,0.17930349590540048,0.09768242302377597
ENG-Premier League,2223,2023-02-04 Everton-Arsenal,2023-02-04 12:30:00,Everton,Arsenal,8.5,4.5,1.4,8.0,4.5,1.4,8.93,5.0,1.45,8.22,4.75,1.41,0.11021938856224349,0.1980360172293965,0.6917445942087936
ENG-Premier League,2223,2023-02-04 Manchester Utd-Crystal Palace,2023-02-04 15:00:00,Manchester Utd,Crystal Palace,1.4,4.75,8.0,1.4,4.5,8.0,1.44,5.0,9.0,1.4,4.83,8.33,0.6967710957760275,0.1945912215487964,0.10863768267474266
ENG-Premier League,2223,2023-02-04 Newcastle Utd-West Ham,2023-02-04 17:30:00,Newcastle Utd,West Ham,1.6,3.8,6.0,1.6,3.75,6.0,1.65,4.1,6.5,1.62,3.92,6.03,0.6019949075761312,0.24318221102530427,0.15482288139899725
ENG-Premier League,2223,2023-02-04 Wolves-Liverpool,2023-02-04 15:00:00,Wolves,Liverpool,4.0,3.8,1.85,4.0,3.7,1.85,4.2,4.1,1.92,4.02,3.85,1.88,0.23626126503193365,0.24713150883170584,0.5166072261359024
ENG-Premier League,2223,2023-02-05 Nott'ham Forest-Leeds United,2023-02-05 14:00:00,Nott'ham Forest,Leeds United,2.63,3.3,2.7,2.6,3.4,2.62,2.71,3.6,2.76,2.64,3.43,2.71,0.36535988264077124,0.2789697535257838,0.3556703638338964
ENG-Premier League,2223,2023-02-05 Tottenham-Manchester City,2023-02-05 16:30:00,Tottenham,Manchester City,4.33,4.2,1.73,4.4,4.0,1.73,4.65,4.4,1.79,4.43,4.16,1.75,0.21432969882709582,0.22883810992298576,0.556832191250361
ENG-Premier League,2223,2023-02-08 Manchester Utd-Leeds United,2023-02-08 20:00:00,Manchester Utd,Leeds United,1.45,5.0,6.0,1.47,4.5,6.5,1.48,5.1,7.0,1.47,4.83,6.54,0.6635799538131891,0.1949763882106039,0.14144365797665176
ENG-Premier League,2223,2023-02-11 Arsenal-Brentford,2023-02-11 15:00:00,Arsenal,Brentford,1.44,4.75,7.0,1.42,4.5,7.5,1.49,4.9,8.0,1.45,4.72,7.52,0.6752309103539035,0.2014514503121041,0.12331763933440724
ENG-Premier League,2223,2023-02-11 Bournemouth-Newcastle Utd,2023-02-11 17:30:00,Bournemouth,Newcastle Utd,6.5,4.0,1.53,6.5,3.9,1.55,6.7,4.24,1.61,6.39,4.06,1.57,0.14514348378293992,0.233994911068616,0.620861605148005
ENG-Premier League,2223,2023-02-11 Crystal Palace-Brighton,2023-02-11 15:00:00,Crystal Palace,Brighton,3.8,3.5,2.0,3.7,3.4,2.0,3.97,3.64,2.08,3.81,3.51,2.04,0.2507202306434455,0.2729397437338136,0.47634002562319516
ENG-Premier League,2223,2023-02-11 Fulham-Nott'ham Forest,2023-02-11 15:00:00,Fulham,Nott'ham Forest,1.91,3.5,4.33,1.91,3.5,4.0,1.98,3.7,4.5,1.93,3.56,4.22,0.5046028025333601,0.2694629417692623,0.22593425569690273
ENG-Premier League,2223,2023-02-11 Leicester City-Tottenham,2023-02-11 15:00:00,Leicester City,Tottenham,3.4,3.6,2.1,3.3,3.6,2.1,3.52,3.84,2.18,3.39,3.64,2.13,0.2824141945045372,0.26235466731768425,0.4552311381782285
ENG-Premier League,2223,2023-02-11 Southampton-Wolves,2023-02-11 15:00:00,Southampton,Wolves,2.9,3.2,2.55,3.0,3.1,2.5,3.2,3.3,2.6,3.03,3.18,2.54,0.3174505932962672,0.30203118794343714,0.380518218760762
ENG-Premier League,2223,2023-02-11 West Ham-Chelsea,2023-02-11 12:30:00,West Ham,Chelsea,3.3,3.3,2.25,3.3,3.2,2.25,3.51,3.41,2.33,3.4,3.29,2.27,0.2817481304750932,0.2914865688419794,0.42676530068246954
ENG-Premier League,2223,2023-02-12 Leeds United-Manchester Utd,2023-02-12 14:00:00,Leeds United,Manchester Utd,3.75,3.8,1.91,3.7,3.7,1.91,4.1,4.06,1.98,3.86,3.85,1.92,0.24670602371886707,0.2473721109316255,0.5059218653499684
ENG-Premier League,2223,2023-02-12 Manchester City-Aston Villa,2023-02-12 16:30:00,Manchester City,Aston Villa,1.25,6.5,11.0,1.24,6.0,12.0,1.27,7.1,13.5,1.25,6.59,11.89,0.7840485553796763,0.1413991134343277,0.0745523311855873
ENG-Premier League,2223,2023-02-13 Liverpool-Everton,2023-02-13 20:00:00,Liverpool,Everton,1.5,4.33,6.5,1.52,4.2,6.0,1.58,4.62,6.52,1.53,4.38,6.23,0.6362741046319511,0.21537014176262978,0.14835575360497585
ENG-Premier League,2223,2023-02-15 Arsenal-Manchester City,2023-02-15 19:30:00,Arsenal,Manchester City,2.9,3.5,2.35,2.88,3.4,2.4,3.04,3.65,2.51,2.93,3.51,2.42,0.32820391391611303,0.27236298949580073,0.3994330965876209
ENG-Premier League,2223,2023-02-18 Aston Villa-Arsenal,2023-02-18 12:30:00,Aston Villa,Arsenal,4.5,3.6,1.5,4.33,3.6,1.8,4.6,3.86,1.87,4.43,3.71,1.84,0.21397334729380596,0.2573449109045418,0.5286817418021094
ENG-Premier League,2223,2023-02-18 Brentford-Crystal Palace,2023-02-18 15:00:00,Brentford,Crystal Palace,1.83,3.5,4.5,1.85,3.4,4.4,1.9,3.7,4.9,1.86,3.54,4.59,0.5231817734372521,0.2704044720900909,0.20641375447221505
ENG-Premier League,2223,2023-02-18 Brighton-Fulham,2023-02-18 15:00:00,Brighton,Fulham,1.65,3.8,5.5,1.67,3.8,5.0,1.7,4.2,5.6,1.67,4.06,5.15,0.58327470028242,0.2341591113668807,0.18256618835116162
ENG-Premier League,2223,2023-02-18 Chelsea-Southampton,2023-02-18 15:00:00,Chelsea,Southampton,1.4,4.75,8.5,1.38,4.5,9.0,1.41,5.0,10.0,1.38,4.76,9.42,0.7072219011195913,0.19772842686856032,0.09504967201224934
ENG-Premier League,2223,2023-02-18 Everton-Leeds United,2023-02-18 15:00:00,Everton,Leeds United,2.4,3.3,3.0,2.45,3.25,2.9,2.55,3.4,3.09,2.48,3.31,2.99,0.3894065823133048,0.2892905316084403,0.3213028860777955
ENG-Premier League,2223,2023-02-18 Newcastle Utd-Liverpool,2023-02-18 17:30:00,Newcastle Utd,Liverpool,2.5,3.5,2.7,2.5,3.4,2.7,2.7,3.65,2.83,2.57,3.51,2.75,0.37615444321160685,0.27292398373787385,0.3509215730509964
ENG-Premier League,2223,2023-02-18 Nott'ham Forest-Manchester City,2023-02-18 15:00:00,Nott'ham Forest,Manchester City,8.5,5.5,1.3,10.0,5.5,1.29,11.0,5.9,1.34,10.01,5.62,1.31,0.0887668840657828,0.16580705324365988,0.7454260626909789
ENG-Premier League,2223,2023-02-18 Wolves-Bournemouth,2023-02-18 15:00:00,Wolves,Bournemouth,1.67,3.6,6.0,1.67,3.7,5.25,1.72,3.95,6.1,1.68,3.81,5.53,0.5800334631449853,0.25038811592721305,0.16957842092735934
ENG-Premier League,2223,2023-02-19 Manchester Utd-Leicester City,2023-02-19 14:00:00,Manchester Utd,Leicester City,1.62,4.33,5.25,1.6,4.2,5.0,1.66,4.5,5.5,1.62,4.32,5.22,0.6011631612337649,0.21916039889251993,0.17967643987417192
ENG-Premier League,2223,2023-02-19 Tottenham-West Ham,2023-02-19 16:30:00,Tottenham,West Ham,1.75,3.6,4.75,1.83,3.6,4.2,1.88,3.86,4.75,1.83,3.76,4.39,0.5310778427978884,0.25334701414527233,0.21557514305727912
ENG-Premier League,2223,2023-02-24 Fulham-Wolves,2023-02-24 20:00:00,Fulham,Wolves,2.5,3.2,3.0,2.5,3.2,2.9,2.65,3.38,3.1,2.54,3.22,3.0,0.38072536041215715,0.2983568431473678,0.3209177964409441
ENG-Premier League,2223,2023-02-25 Bournemouth-Manchester City,2023-02-25 17:30:00,Bournemouth,Manchester City,10.0,5.75,1.29,11.0,5.5,1.27,11.5,6.2,1.33,10.21,5.81,1.3,0.08733507196908896,0.16060355919113325,0.7520613688401591
ENG-Premier League,2223,2023-02-25 Crystal Palace-Liverpool,2023-02-25 19:45:00,Crystal Palace,Liverpool,4.75,3.8,1.73,4.5,3.75,1.75,5.0,4.1,1.79,4.7,3.93,1.74,0.20018569985584558,0.24141740182379479,0.5583968983199186
ENG-Premier League,2223,2023-02-25 Everton-Aston Villa,2023-02-25 15:00:00,Everton,Aston Villa,2.5,3.2,3.0,2.5,3.2,2.9,2.62,3.31,3.06,2.54,3.21,2.98,0.3796304622604372,0.29828495465907956,0.3220845830809526
ENG-Premier League,2223,2023-02-25 Leeds United-Southampton,2023-02-25 15:00:00,Leeds United,Southampton,1.95,3.5,4.0,1.95,3.5,3.8,2.05,3.72,4.2,1.99,3.57,3.89,0.48775905998205815,0.2675254772567134,0.2447154627616741
ENG-Premier League,2223,2023-02-25 Leicester City-Arsenal,2023-02-25 15:00:00,Leicester City,Arsenal,4.75,4.0,1.7,4.6,3.9,1.7,5.0,4.3,1.74,4.73,4.09,1.71,0.19920997897452974,0.23194049388823956,0.5688495271367708
ENG-Premier League,2223,2023-02-25 West Ham-Nott'ham Forest,2023-02-25 15:00:00,West Ham,Nott'ham Forest,1.75,3.6,5.0,1.78,3.5,4.8,1.83,3.7,5.2,1.78,3.61,4.97,0.5463445782506408,0.26433514974705313,0.18932027200275092
ENG-Premier League,2223,2023-02-26 Tottenham-Chelsea,2023-02-26 13:30:00,Tottenham,Chelsea,2.55,3.25,2.9,2.5,3.2,2.88,2.65,3.44,3.0,2.54,3.33,2.91,0.38070777303252745,0.2881782901142119,0.3311139368537276
ENG-Premier League,2223,2023-03-01 Arsenal-Everton,2023-03-01 19:45:00,Arsenal,Everton,1.36,4.75,10.0,1.32,5.0,9.5,1.4,5.4,10.0,1.36,5.04,9.33,0.7177710751489631,0.18617670944464257,0.09605221540596527
ENG-Premier League,2223,2023-03-01 Liverpool-Wolves,2023-03-01 20:00:00,Liverpool,Wolves,1.5,4.75,6.0,1.47,4.33,7.0,1.52,4.8,7.0,1.49,4.59,6.6,0.654412943270786,0.20559902702691513,0.13998802970275104
ENG-Premier League,2223,2023-03-04 Arsenal-Bournemouth,2023-03-04 15:00:00,Arsenal,Bournemouth,1.22,7.0,12.0,1.2,6.5,13.0,1.24,7.3,15.0,1.22,6.82,13.83,0.8023194481338785,0.1354912790575801,0.06218927280887518
ENG-Premier League,2223,2023-03-04 Aston Villa-Crystal Palace,2023-03-04 15:00:00,Aston Villa,Crystal Palace,2.05,3.3,3.8,2.05,3.3,3.8,2.12,3.5,4.1,2.07,3.32,3.88,0.46767922346261037,0.28766536012241134,0.2446554164145181
ENG-Premier League,2223,2023-03-04 Brighton-West Ham,2023-03-04 15:00:00,Brighton,West Ham,1.8,3.6,4.5,1.75,3.7,4.5,1.84,4.0,4.9,1.79,3.8,4.61,0.5437251765033287,0.2510250626434648,0.20524976085364763
ENG-Premier League,2223,2023-03-04 Chelsea-Leeds United,2023-03-04 15:00:00,Chelsea,Leeds United,1.62,4.0,5.5,1.63,3.9,5.25,1.67,4.18,5.9,1.64,4.02,5.52,0.5939691283578545,0.23645950855158915,0.16957136309101703
ENG-Premier League,2223,2023-03-04 Manchester City-Newcastle Utd,2023-03-04 12:30:00,Manchester City,Newcastle Utd,1.45,4.5,7.0,1.44,4.4,7.0,1.52,4.8,7.0,1.48,4.59,6.76,0.658514480274309,0.20530994588236404,0.13617557384287948
ENG-Premier League,2223,2023-03-04 Southampton-Leicester City,2023-03-04 17:30:00,Southampton,Leicester City,2.75,3.3,2.6,2.7,3.25,2.6,2.89,3.5,2.73,2.77,3.31,2.64,0.34689622778596835,0.2886137954178639,0.36448997679663486
ENG-Premier League,2223,2023-03-04 Wolves-Tottenham,2023-03-04 15:00:00,Wolves,Tottenham,3.3,3.4,2.2,3.3,3.3,2.2,3.41,3.48,2.34,3.31,3.36,2.27,0.2891363023461438,0.2846859875108031,0.42617771014258315
ENG-Premier League,2223,2023-03-05 Liverpool-Manchester Utd,2023-03-05 16:30:00,Liverpool,Manchester Utd,2.38,3.6,2.88,2.38,3.6,2.75,2.5,3.92,2.97,2.4,3.68,2.85,0.40289013048586586,0.25937478855013735,0.33773508096445065
ENG-Premier League,2223,2023-03-05 Nott'ham Forest-Everton,2023-03-05 14:00:00,Nott'ham Forest,Everton,2.7,3.0,2.88,2.62,3.0,2.88,2.75,3.26,3.02,2.68,3.08,2.92,0.35944660499773073,0.3114704692229547,0.32908292577885206
ENG-Premier League,2223,2023-03-06 Brentford-Fulham,2023-03-06 20:00:00,Brentford,Fulham,1.95,3.6,3.75,2.0,3.5,3.6,2.05,3.83,3.92,2.0,3.65,3.71,0.48386958395228,0.26025609396334265,0.2558743220848331
ENG-Premier League,2223,2023-03-11 Bournemouth-Liverpool,2023-03-11 12:30:00,Bournemouth,Liverpool,7.5,5.0,1.4,7.0,4.6,1.42,7.5,5.3,1.46,7.07,4.95,1.43,0.12939459517121582,0.18923970651209263,0.6813656983162656
ENG-Premier League,2223,2023-03-11 Crystal Palace-Manchester City,2023-03-11 17:30:00,Crystal Palace,Manchester City,9.0,4.75,1.36,9.0,5.0,1.33,9.8,5.5,1.38,9.05,5.12,1.36,0.09926799701451078,0.18305072814071313,0.717681274844353
ENG-Premier League,2223,2023-03-11 Everton-Brentford,2023-03-11 15:00:00,Everton,Brentford,2.7,3.25,2.7,2.62,3.2,2.7,2.8,3.31,2.85,2.71,3.2,2.76,0.3541675724078005,0.29827760125058017,0.3475548263420921
ENG-Premier League,2223,2023-03-11 Leeds United-Brighton,2023-03-11 15:00:00,Leeds United,Brighton,3.75,3.6,1.95,3.75,3.6,1.95,4.1,3.86,2.02,3.84,3.67,1.97,0.24777575150987022,0.2597141862816393,0.49251006220896504
ENG-Premier League,2223,2023-03-11 Leicester City-Chelsea,2023-03-11 15:00:00,Leicester City,Chelsea,3.75,3.5,1.95,3.7,3.5,2.0,3.98,3.78,2.08,3.83,3.56,2.0,0.24799145592533284,0.26758222559791583,0.4844263184763052
ENG-Premier League,2223,2023-03-11 Tottenham-Nott'ham Forest,2023-03-11 15:00:00,Tottenham,Nott'ham Forest,1.44,4.75,7.0,1.42,4.4,7.5,1.48,4.8,8.0,1.44,4.62,7.52,0.6760981498996491,0.20316806887629407,0.12073378122362372
ENG-Premier League,2223,2023-03-12 Fulham-Arsenal,2023-03-12 14:00:00,Fulham,Arsenal,6.0,4.0,1.57,5.8,4.0,1.57,6.2,4.33,1.63,5.74,4.17,1.59,0.16175521370133106,0.22659246722381723,0.611652319075297
ENG-Premier League,2223,2023-03-12 Manchester Utd-Southampton,2023-03-12 14:00:00,Manchester Utd,Southampton,1.36,5.0,9.0,1.33,5.0,9.0,1.37,5.6,10.01,1.34,5.26,9.22,0.7269556670874255,0.17679251744545857,0.09625181546752527
ENG-Premier League,2223,2023-03-12 Newcastle Utd-Wolves,2023-03-12 16:30:00,Newcastle Utd,Wolves,1.65,3.75,5.5,1.67,3.7,5.25,1.72,3.97,5.8,1.67,3.81,5.47,0.5813971580764409,0.2486634588343742,0.16993938308874815
ENG-Premier League,2223,2023-03-12 West Ham-Aston Villa,2023-03-12 14:00:00,West Ham,Aston Villa,2.2,3.3,3.4,2.2,3.3,3.3,2.29,3.56,3.5,2.23,3.37,3.36,0.4331071551459262,0.28300960148060866,0.2838832433730116
ENG-Premier League,2223,2023-03-15 Brighton-Crystal Palace,2023-03-15 19:30:00,Brighton,Crystal Palace,1.44,4.2,8.0,1.44,4.2,7.5,1.49,4.7,8.0,1.46,4.44,7.58,0.6674207793902373,0.21238906117362535,0.12019015943655714
ENG-Premier League,2223,2023-03-15 Southampton-Brentford,2023-03-15 19:30:00,Southampton,Brentford,2.88,3.25,2.5,2.9,3.25,2.45,3.13,3.45,2.5,2.97,3.31,2.46,0.32172268617287436,0.28752821008204554,0.39074910374460714
ENG-Premier League,2223,2023-03-17 Nott'ham Forest-Newcastle Utd,2023-03-17 20:00:00,Nott'ham Forest,Newcastle Utd,5.5,3.8,1.62,5.5,3.7,1.65,6.0,3.96,1.74,5.58,3.83,1.67,0.16780866857917265,0.24885146409792386,0.5833398673233573
ENG-Premier League,2223,2023-03-18 Aston Villa-Bournemouth,2023-03-18 15:00:00,Aston Villa,Bournemouth,1.7,3.8,5.0,1.7,3.75,4.8,1.76,4.0,5.3,1.72,3.85,4.99,0.5651629353863847,0.24676630516762255,0.1880707594464404
ENG-Premier League,2223,2023-03-18 Brentford-Leicester City,2023-03-18 15:00:00,Brentford,Leicester City,1.91,3.6,3.75,1.95,3.6,3.75,2.01,3.89,4.1,1.95,3.7,3.85,0.49680639604220383,0.25680425055790834,0.24638935340034457
ENG-Premier League,2223,2023-03-18 Chelsea-Everton,2023-03-18 17:30:00,Chelsea,Everton,1.5,4.2,7.5,1.47,4.0,7.5,1.54,4.34,8.2,1.49,4.18,7.62,0.6539624571921884,0.22639591016808766,0.11964163264016879
ENG-Premier League,2223,2023-03-18 Southampton-Tottenham,2023-03-18 15:00:00,Southampton,Tottenham,4.75,3.6,1.75,4.5,3.5,1.8,4.75,3.85,1.88,4.56,3.68,1.82,0.20708359320529035,0.2589767952053097,0.5339396115889324
ENG-Premier League,2223,2023-03-18 Wolves-Leeds United,2023-03-18 15:00:00,Wolves,Leeds United,2.25,3.2,3.3,2.25,3.2,3.25,2.35,3.42,3.56,2.28,3.23,3.41,0.4238466021479989,0.29616289555250686,0.27999050229902317
ENG-Premier League,2223,2023-03-19 Arsenal-Crystal Palace,2023-03-19 14:00:00,Arsenal,Crystal Palace,1.25,5.5,15.0,1.24,5.5,15.0,1.29,6.42,15.5,1.26,5.93,12.83,0.7758301203533763,0.15682009245420683,0.06734978719278785
ENG-Premier League,2223,2023-04-01 Arsenal-Leeds United,2023-04-01 15:00:00,Arsenal,Leeds United,1.29,6.0,9.0,1.27,5.5,11.0,1.31,6.25,12.0,1.29,5.84,10.48,0.7568603071239789,0.15897242373022596,0.08416726914621281
ENG-Premier League,2223,2023-04-01 Bournemouth-Fulham,2023-04-01 15:00:00,Bournemouth,Fulham,2.55,3.3,2.8,2.55,3.25,2.75,2.63,3.52,2.92,2.56,3.34,2.84,0.3761282967201672,0.285856639824565,0.3380150634548144
ENG-Premier League,2223,2023-04-01 Brighton-Brentford,2023-04-01 15:00:00,Brighton,Brentford,1.67,4.0,5.0,1.65,3.9,5.0,1.72,4.33,5.25,1.67,4.08,5.05,0.5822444800835394,0.23215719010252853,0.18559832981438432
ENG-Premier League,2223,2023-04-01 Chelsea-Aston Villa,2023-04-01 17:30:00,Chelsea,Aston Villa,1.67,3.8,5.25,1.67,3.7,5.25,1.74,4.0,5.75,1.68,3.83,5.4,0.578870527165253,0.24810586372241197,0.1730236091118937
ENG-Premier League,2223,2023-04-01 Crystal Palace-Leicester City,2023-04-01 15:00:00,Crystal Palace,Leicester City,2.5,3.25,2.9,2.5,3.2,2.88,2.62,3.4,3.05,2.54,3.24,2.94,0.37905668568890916,0.29489121518711175,0.3260520991235197
ENG-Premier League,2223,2023-04-01 Manchester City-Liverpool,2023-04-01 12:30:00,Manchester City,Liverpool,1.62,4.2,5.0,1.62,4.0,5.25,1.7,4.4,5.5,1.64,4.2,5.19,0.5936330883397518,0.22564883964595803,0.180718072014717
ENG-Premier League,2223,2023-04-01 Nott'ham Forest-Wolves,2023-04-01 15:00:00,Nott'ham Forest,Wolves,3.0,3.1,2.55,2.88,3.1,2.55,3.15,3.3,2.7,2.96,3.13,2.61,0.3244375550079591,0.306273230212672,0.3692892147798205
ENG-Premier League,2223,2023-04-02 Newcastle Utd-Manchester Utd,2023-04-02 16:30:00,Newcastle Utd,Manchester Utd,2.4,3.4,2.9,2.38,3.4,2.88,2.49,3.62,3.11,2.41,3.45,2.96,0.40001887194993313,0.27625482786568784,0.32372630018391774
ENG-Premier League,2223,2023-04-02 West Ham-Southampton,2023-04-02 14:00:00,West Ham,Southampton,1.73,3.6,5.0,1.73,3.6,5.0,1.8,4.0,5.1,1.76,3.74,4.87,0.5523269987984655,0.2545273074368879,0.19314569376511476
ENG-Premier League,2223,2023-04-03 Everton-Tottenham,2023-04-03 20:00:00,Everton,Tottenham,3.4,3.3,2.2,3.5,3.2,2.15,3.55,3.55,2.26,3.41,3.36,2.21,0.2793829971333776,0.2836992928326487,0.436917710033524
ENG-Premier League,2223,2023-04-04 Bournemouth-Brighton,2023-04-04 19:45:00,Bournemouth,Brighton,6.0,4.2,1.53,6.0,4.0,1.55,6.5,4.5,1.61,5.94,4.29,1.57,0.15725547909414062,0.2213402492114234,0.621404271693995
ENG-Premier League,2223,2023-04-04 Chelsea-Liverpool,2023-04-04 20:00:00,Chelsea,Liverpool,2.2,3.4,3.25,2.25,3.3,3.2,2.35,3.58,3.46,2.25,3.46,3.28,0.4307352379341495,0.2767784071835982,0.29248635488177427
ENG-Premier League,2223,2023-04-04 Leeds United-Nott'ham Forest,2023-04-04 19:45:00,Leeds United,Nott'ham Forest,1.7,3.75,5.0,1.73,3.6,5.0,1.75,4.1,5.5,1.73,3.83,5.05,0.5635289615327456,0.24946923609796276,0.18700180236883587
ENG-Premier League,2223,2023-04-04 Leicester City-Aston Villa,2023-04-04 19:45:00,Leicester City,Aston Villa,2.55,3.3,2.75,2.45,3.4,2.8,2.7,3.6,2.85,2.58,3.41,2.79,0.37410485179112907,0.2806823474202124,0.34521280078912786
ENG-Premier League,2223,2023-04-05 Manchester Utd-Brentford,2023-04-05 20:00:00,Manchester Utd,Brentford,1.65,4.0,5.0,1.63,4.0,5.0,1.71,4.4,5.3,1.65,4.17,5.07,0.5889634056544144,0.22656052448851072,0.1844760698566295
ENG-Premier League,2223,2023-04-05 West Ham-Newcastle Utd,2023-04-05 20:00:00,West Ham,Newcastle Utd,3.6,3.25,2.15,3.5,3.3,2.15,3.67,3.53,2.2,3.53,3.41,2.15,0.27005673833517374,0.27992098637453516,0.45002227528983835
ENG-Premier League,2223,2023-04-08 Aston Villa-Nott'ham Forest,2023-04-08 15:00:00,Aston Villa,Nott'ham Forest,1.6,4.2,5.25,1.6,3.8,5.8,1.65,4.3,6.0,1.62,4.09,5.55,0.6005190949875054,0.23154097762085152,0.16793992739208144
ENG-Premier League,2223,2023-04-08 Brentford-Newcastle Utd,2023-04-08 15:00:00,Brentford,Newcastle Utd,3.6,3.4,2.05,3.7,3.3,2.05,3.7,3.58,2.15,3.57,3.46,2.1,0.2657673293575009,0.2745705125672948,0.45966215807476285
ENG-Premier League,2223,2023-04-08 Fulham-West Ham,2023-04-08 15:00:00,Fulham,West Ham,2.8,3.25,2.63,2.75,3.2,2.62,2.86,3.33,2.75,2.79,3.24,2.66,0.34397256299928164,0.29472334889672214,0.36130408810446485
ENG-Premier League,2223,2023-04-08 Leicester City-Bournemouth,2023-04-08 15:00:00,Leicester City,Bournemouth,1.83,3.75,4.2,1.83,3.6,4.2,1.92,3.85,4.33,1.88,3.72,4.11,0.5152481571102504,0.25498577083548335,0.22976607205383037
ENG-Premier League,2223,2023-04-08 Manchester Utd-Everton,2023-04-08 12:30:00,Manchester Utd,Everton,1.5,4.33,6.5,1.47,4.2,7.0,1.54,4.5,7.5,1.5,4.37,6.75,0.6487096970804532,0.21550192983842975,0.1357883730807085
ENG-Premier League,2223,2023-04-08 Southampton-Manchester City,2023-04-08 17:30:00,Southampton,Manchester City,11.0,6.0,1.25,13.0,5.8,1.24,13.5,6.6,1.27,12.48,6.19,1.25,0.06912403156317813,0.14939296147479722,0.7814830069623874
ENG-Premier League,2223,2023-04-08 Tottenham-Brighton,2023-04-08 15:00:00,Tottenham,Brighton,2.55,3.5,2.7,2.5,3.5,2.7,2.63,3.71,2.75,2.56,3.56,2.69,0.3757413861052889,0.2671946959000942,0.3570639179950782
ENG-Premier League,2223,2023-04-08 Wolves-Chelsea,2023-04-08 15:00:00,Wolves,Chelsea,4.2,3.5,1.91,4.2,3.3,1.95,4.3,3.61,2.0,4.14,3.47,1.95,0.22847950901864994,0.274611358984776,0.49690913199611136
ENG-Premier League,2223,2023-04-09 Leeds United-Crystal Palace,2023-04-09 14:00:00,Leeds United,Crystal Palace,2.1,3.4,3.6,2.1,3.25,3.6,2.16,3.55,3.7,2.11,3.41,3.59,0.45727895536686725,0.2786272789271353,0.2640937657055576
ENG-Premier League,2223,2023-04-09 Liverpool-Arsenal,2023-04-09 16:30:00,Liverpool,Arsenal,2.88,3.6,2.38,2.7,3.6,2.4,2.95,3.88,2.5,2.79,3.69,2.41,0.34351647734040147,0.2570660716627316,0.3994174509973223
ENG-Premier League,2223,2023-04-15 Aston Villa-Newcastle Utd,2023-04-15 12:30:00,Aston Villa,Newcastle Utd,3.6,3.4,2.05,3.6,3.3,2.1,3.8,3.56,2.19,3.61,3.42,2.13,0.2647104419870275,0.27994872642846513,0.45534083158405575
ENG-Premier League,2223,2023-04-15 Chelsea-Brighton,2023-04-15 15:00:00,Chelsea,Brighton,2.63,3.4,2.63,2.62,3.3,2.62,2.75,3.58,2.75,2.67,3.42,2.68,0.36090004739949727,0.27958364324194046,0.35951630935810663
ENG-Premier League,2223,2023-04-15 Everton-Fulham,2023-04-15 15:00:00,Everton,Fulham,2.05,3.4,3.7,2.05,3.25,3.8,2.12,3.56,3.9,2.07,3.39,3.78,0.4674624234839215,0.2813219390151863,0.2512156375013412
ENG-Premier League,2223,2023-04-15 Manchester City-Leicester City,2023-04-15 17:30:00,Manchester City,Leicester City,1.14,8.5,15.0,1.14,7.5,19.0,1.18,9.6,21.0,1.16,8.49,17.32,0.844778796224127,0.10715878897982721,0.048062414795740145
ENG-Premier League,2223,2023-04-15 Southampton-Crystal Palace,2023-04-15 15:00:00,Southampton,Crystal Palace,2.8,3.1,2.7,2.75,3.2,2.6,2.93,3.34,2.75,2.82,3.2,2.68,0.34111609857585606,0.2994271522067792,0.3594567492178249
ENG-Premier League,2223,2023-04-15 Tottenham-Bournemouth,2023-04-15 15:00:00,Tottenham,Bournemouth,1.45,4.5,7.0,1.47,4.33,7.0,1.52,4.9,7.3,1.47,4.6,6.83,0.6619964215338839,0.2040549196331665,0.13394865883338275
ENG-Premier League,2223,2023-04-15 Wolves-Brentford,2023-04-15 15:00:00,Wolves,Brentford,2.45,3.1,3.0,2.45,3.1,3.0,2.59,3.38,3.15,2.52,3.23,3.0,0.3830801216837588,0.2967096422608617,0.3202102360549071
ENG-Premier League,2223,2023-04-16 Nott'ham Forest-Manchester Utd,2023-04-16 16:30:00,Nott'ham Forest,Manchester Utd,5.5,4.0,1.62,5.0,3.8,1.67,5.5,4.1,1.75,5.0,3.96,1.69,0.18687858761972154,0.23879289575154644,0.5743285166291914
ENG-Premier League,2223,2023-04-16 West Ham-Arsenal,2023-04-16 14:00:00,West Ham,Arsenal,6.0,4.2,1.55,5.8,4.0,1.57,6.2,4.4,1.61,5.92,4.22,1.57,0.15655308329143675,0.22381630421216703,0.6196306124959722
ENG-Premier League,2223,2023-04-17 Leeds United-Liverpool,2023-04-17 20:00:00,Leeds United,Liverpool,4.2,4.2,1.73,4.33,4.0,1.73,4.54,4.6,1.77,4.35,4.22,1.73,0.21622668681623777,0.22322543107438073,0.5605478821089174
ENG-Premier League,2223,2023-04-21 Arsenal-Southampton,2023-04-21 20:00:00,Arsenal,Southampton,1.2,7.0,13.0,1.18,7.0,15.0,1.23,7.9,17.0,1.2,7.18,14.72,0.8149852429736055,0.1276322649078168,0.057382492118913456
ENG-Premier League,2223,2023-04-22 Brentford-Aston Villa,2023-04-22 15:00:00,Brentford,Aston Villa,2.5,3.25,2.88,2.5,3.3,2.8,2.61,3.53,2.9,2.53,3.38,2.84,0.38034028244106155,0.28200543822642427,0.33765427933298353
ENG-Premier League,2223,2023-04-22 Crystal Palace-Everton,2023-04-22 15:00:00,Crystal Palace,Everton,2.05,3.2,3.75,2.1,3.2,3.75,2.18,3.35,4.1,2.11,3.25,3.83,0.4583650150434202,0.2938636483009741,0.24777133665605564
ENG-Premier League,2223,2023-04-22 Fulham-Leeds United,2023-04-22 12:30:00,Fulham,Leeds United,2.3,3.4,3.1,2.35,3.4,2.9,2.47,3.55,3.1,2.38,3.44,3.01,0.4050344079755948,0.2769425100632982,0.31802308196157686
ENG-Premier League,2223,2023-04-22 Leicester City-Wolves,2023-04-22 15:00:00,Leicester City,Wolves,2.38,3.3,3.0,2.4,3.2,3.0,2.5,3.36,3.21,2.45,3.27,3.05,0.39358751264870884,0.2922922241342298,0.31412026321658437
ENG-Premier League,2223,2023-04-22 Liverpool-Nott'ham Forest,2023-04-22 15:00:00,Liverpool,Nott'ham Forest,1.17,7.5,17.0,1.17,7.0,17.0,1.21,8.2,19.5,1.18,7.64,16.06,0.8289374908133557,0.11928269936568,0.05177980982132246
ENG-Premier League,2223,2023-04-23 Bournemouth-West Ham,2023-04-23 14:00:00,Bournemouth,West Ham,2.88,3.2,2.55,2.8,3.2,2.55,2.91,3.35,2.75,2.83,3.25,2.61,0.3385672624357296,0.2934043347945123,0.368028402770215
ENG-Premier League,2223,2023-04-23 Newcastle Utd-Tottenham,2023-04-23 14:00:00,Newcastle Utd,Tottenham,1.83,3.75,4.2,1.85,3.7,4.0,1.92,4.0,4.4,1.85,3.81,4.22,0.5253120930081578,0.24996314543917664,0.2247247615531318
ENG-Premier League,2223,2023-04-25 Aston Villa-Fulham,2023-04-25 19:45:00,Aston Villa,Fulham,1.75,4.0,4.2,1.8,3.6,4.4,1.84,4.1,4.6,1.8,3.87,4.43,0.5402896565472608,0.24601994921003617,0.21369039424316327
ENG-Premier League,2223,2023-04-25 Leeds United-Leicester City,2023-04-25 20:00:00,Leeds United,Leicester City,2.3,3.5,3.0,2.35,3.4,2.9,2.45,3.67,3.1,2.37,3.54,2.98,0.407865427161629,0.2697907203906468,0.32234385244725655
ENG-Premier League,2223,2023-04-25 Wolves-Crystal Palace,2023-04-25 19:30:00,Wolves,Crystal Palace,2.45,3.2,3.0,2.5,3.0,3.1,2.58,3.23,3.25,2.52,3.14,3.09,0.38336611969597284,0.305765310395957,0.31086856990853834
ENG-Premier League,2223,2023-04-26 Chelsea-Brentford,2023-04-26 19:45:00,Chelsea,Brentford,1.7,4.0,4.75,1.67,3.8,5.0,1.75,4.1,5.25,1.71,3.89,5.02,0.568709953543138,0.244267412857894,0.18702263359851884
ENG-Premier League,2223,2023-04-26 Manchester City-Arsenal,2023-04-26 20:00:00,Manchester City,Arsenal,1.55,4.5,5.25,1.52,4.33,5.8,1.61,4.8,6.4,1.56,4.49,5.7,0.6251339468216746,0.21082389601682344,0.164042157161064
ENG-Premier League,2223,2023-04-26 Nott'ham Forest-Brighton,2023-04-26 19:30:00,Nott'ham Forest,Brighton,6.0,4.2,1.53,6.0,4.2,1.52,6.5,4.6,1.58,6.08,4.36,1.54,0.15205469765362503,0.2161781534033385,0.6317671489425961
ENG-Premier League,2223,2023-04-26 West Ham-Liverpool,2023-04-26 19:45:00,West Ham,Liverpool,3.9,3.9,1.85,3.9,3.7,1.88,4.2,4.0,1.92,3.96,3.86,1.88,0.2390414624498365,0.24551049940374253,0.5154480381459704
ENG-Premier League,2223,2023-04-27 Everton-Newcastle Utd,2023-04-27 19:45:00,Everton,Newcastle Utd,4.75,3.6,1.73,4.75,3.5,1.78,5.2,3.88,1.81,4.84,3.7,1.77,0.1941244559339902,0.2570912761668945,0.5487842678995594
ENG-Premier League,2223,2023-04-27 Southampton-Bournemouth,2023-04-27 19:45:00,Southampton,Bournemouth,2.25,3.4,3.2,2.25,3.3,3.2,2.39,3.57,3.22,2.3,3.43,3.15,0.41925037381648916,0.27755954753958495,0.30319007864345815
ENG-Premier League,2223,2023-04-27 Tottenham-Manchester Utd,2023-04-27 20:15:00,Tottenham,Manchester Utd,2.8,3.6,2.4,2.8,3.5,2.38,2.85,3.82,2.53,2.79,3.65,2.44,0.34422613085410514,0.26066694865462847,0.3951069204908142
ENG-Premier League,2223,2023-04-29 Brentford-Nott'ham Forest,2023-04-29 15:00:00,Brentford,Nott'ham Forest,1.65,3.8,5.5,1.65,3.7,5.5,1.7,4.0,5.7,1.66,3.88,5.5,0.5857972199355255,0.2446376918578304,0.16956508820618565
ENG-Premier League,2223,2023-04-29 Brighton-Wolves,2023-04-29 15:00:00,Brighton,Wolves,1.5,4.33,6.5,1.47,4.2,7.0,1.54,4.6,7.0,1.51,4.37,6.69,0.6455936104541523,0.21644120041655643,0.13796518912886113
ENG-Premier League,2223,2023-04-29 Crystal Palace-West Ham,2023-04-29 12:30:00,Crystal Palace,West Ham,2.63,3.25,2.75,2.7,3.1,2.7,2.88,3.28,2.9,2.7,3.18,2.81,0.3565646595806909,0.3012236873851222,0.3422116530346477
ENG-Premier League,2223,2023-04-30 Bournemouth-Leeds United,2023-04-30 14:00:00,Bournemouth,Leeds United,2.55,3.5,2.7,2.55,3.4,2.7,2.67,3.62,2.75,2.61,3.5,2.68,0.3687717441233143,0.27236077615738297,0.35886747971884814
ENG-Premier League,2223,2023-04-30 Fulham-Manchester City,2023-04-30 14:00:00,Fulham,Manchester City,12.0,6.0,1.25,12.0,5.8,1.24,13.0,6.6,1.28,11.95,6.23,1.25,0.07197363173895076,0.14764430950332194,0.7803820587580959
ENG-Premier League,2223,2023-04-30 Liverpool-Tottenham,2023-04-30 16:30:00,Liverpool,Tottenham,1.53,4.5,5.75,1.52,4.5,5.5,1.6,5.0,6.05,1.54,4.69,5.68,0.6336035549847479,0.20158666446729664,0.16480978054839052
ENG-Premier League,2223,2023-04-30 Manchester Utd-Aston Villa,2023-04-30 14:00:00,Manchester Utd,Aston Villa,1.73,3.9,4.6,1.78,3.75,4.33,1.83,4.1,4.7,1.78,3.94,4.35,0.5442582761358421,0.23969060787556165,0.21605111598815865
ENG-Premier League,2223,2023-04-30 Newcastle Utd-Southampton,2023-04-30 14:00:00,Newcastle Utd,Southampton,1.3,5.25,10.0,1.32,5.0,10.0,1.35,6.0,11.0,1.32,5.46,9.9,0.7394683804618503,0.17080869570499776,0.08972292383273203
ENG-Premier League,2223,2023-05-01 Leicester City-Everton,2023-05-01 20:00:00,Leicester City,Everton,2.0,3.5,3.75,2.05,3.3,3.7,2.1,3.6,4.0,2.04,3.45,3.79,0.474027990581903,0.27584252786500923,0.25012948155262316
ENG-Premier League,2223,2023-05-02 Arsenal-Chelsea,2023-05-02 20:00:00,Arsenal,Chelsea,1.6,4.0,5.5,1.57,4.0,5.8,1.64,4.4,6.1,1.59,4.22,5.75,0.6129031507579186,0.22474037921119142,0.16235647003046572
ENG-Premier League,2223,2023-05-03 Liverpool-Fulham,2023-05-03 20:00:00,Liverpool,Fulham,1.25,5.75,11.0,1.25,5.8,11.0,1.3,7.0,12.0,1.26,6.39,10.73,0.7744788980233309,0.14395509310350008,0.08156600887351602
ENG-Premier League,2223,2023-05-03 Manchester City-West Ham,2023-05-03 20:00:00,Manchester City,West Ham,1.2,7.0,13.0,1.18,7.0,15.0,1.23,8.0,15.0,1.2,7.21,13.79,0.8132020565501,0.12592624904494243,0.0608716944053322
ENG-Premier League,2223,2023-05-04 Brighton-Manchester Utd,2023-05-04 20:00:00,Brighton,Manchester Utd,1.95,3.5,3.75,2.0,3.7,3.4,2.08,4.02,3.75,2.03,3.82,3.5,0.47780327155062996,0.24925306307868839,0.27294366537020637
ENG-Premier League,2223,2023-05-06 Bournemouth-Chelsea,2023-05-06 15:00:00,Bournemouth,Chelsea,3.3,3.5,2.15,3.4,3.4,2.1,3.53,3.59,2.24,3.42,3.47,2.17,0.2791510368494669,0.27498178908183635,0.44586717406824183
ENG-Premier League,2223,2023-05-06 Liverpool-Brentford,2023-05-06 17:30:00,Liverpool,Brentford,1.44,5.0,6.0,1.47,4.6,6.0,1.52,5.3,6.5,1.48,4.91,6.16,0.6584315533389061,0.19121104349907694,0.15035740316158988
ENG-Premier League,2223,2023-05-06 Manchester City-Leeds United,2023-05-06 15:00:00,Manchester City,Leeds United,1.17,8.5,15.0,1.15,7.5,17.0,1.19,9.3,19.0,1.17,8.41,15.94,0.8380464785313766,0.10865527459701356,0.05329824687124286
ENG-Premier League,2223,2023-05-06 Tottenham-Crystal Palace,2023-05-06 15:00:00,Tottenham,Crystal Palace,1.8,3.8,4.2,1.78,3.75,4.33,1.87,4.1,4.4,1.82,3.92,4.21,0.5333368519611615,0.24202235729122853,0.22464079074806034
ENG-Premier League,2223,2023-05-06 Wolves-Aston Villa,2023-05-06 15:00:00,Wolves,Aston Villa,2.88,3.3,2.5,3.0,3.2,2.45,3.09,3.38,2.56,2.98,3.26,2.51,0.3221079265276806,0.2935785438466829,0.38431352962515775
ENG-Premier League,2223,2023-05-07 Newcastle Utd-Arsenal,2023-05-07 16:30:00,Newcastle Utd,Arsenal,2.45,3.75,2.63,2.5,3.6,2.62,2.6,3.94,2.85,2.49,3.73,2.71,0.38817266597007277,0.2559476941568301,0.3558796398735519
ENG-Premier League,2223,2023-05-07 West Ham-Manchester Utd,2023-05-07 19:00:00,West Ham,Manchester Utd,3.4,3.75,2.05,3.3,3.6,2.1,3.58,3.9,2.13,3.43,3.74,2.08,0.2788478806187101,0.25492511220305875,0.46622700717776405
ENG-Premier League,2223,2023-05-08 Brighton-Everton,2023-05-08 17:30:00,Brighton,Everton,1.33,5.25,9.0,1.33,5.0,9.0,1.39,5.6,9.2,1.35,5.3,8.47,0.7203733756150358,0.1746145873694906,0.10501203701586634
ENG-Premier League,2223,2023-05-08 Fulham-Leicester City,2023-05-08 15:00:00,Fulham,Leicester City,2.63,3.5,2.6,2.6,3.5,2.55,2.8,3.7,2.68,2.67,3.53,2.6,0.3601011990019055,0.26981905186621874,0.37007974913233876
ENG-Premier League,2223,2023-05-08 Nott'ham Forest-Southampton,2023-05-08 20:00:00,Nott'ham Forest,Southampton,2.1,3.6,3.4,2.1,3.4,3.5,2.2,3.72,3.54,2.13,3.52,3.46,0.45400921586479437,0.2705586700883481,0.27543211404638307
ENG-Premier League,2223,2023-05-13 Aston Villa-Tottenham,2023-05-13 15:00:00,Aston Villa,Tottenham,2.25,3.6,2.9,2.2,3.5,3.1,2.38,3.78,3.14,2.3,3.6,3.03,0.419668974355119,0.26431707461141934,0.3160139510339337
ENG-Premier League,2223,2023-05-13 Chelsea-Nott'ham Forest,2023-05-13 15:00:00,Chelsea,Nott'ham Forest,1.5,4.5,6.0,1.5,4.2,6.5,1.55,4.6,7.1,1.51,4.4,6.68,0.6461365375019783,0.215302812688186,0.13856064980941585
ENG-Premier League,2223,2023-05-13 Crystal Palace-Bournemouth,2023-05-13 15:00:00,Crystal Palace,Bournemouth,1.83,3.6,4.2,1.83,3.6,4.2,1.91,3.88,4.4,1.88,3.7,4.18,0.5162291662628608,0.25723843855510886,0.2265323951824926
ENG-Premier League,2223,2023-05-13 Leeds United-Newcastle Utd,2023-05-13 12:30:00,Leeds United,Newcastle Utd,4.33,4.2,1.7,4.6,4.0,1.7,4.8,4.4,1.77,4.62,4.2,1.71,0.20459827275261974,0.22602118164630772,0.5693805456015216
ENG-Premier League,2223,2023-05-13 Manchester Utd-Wolves,2023-05-13 15:00:00,Manchester Utd,Wolves,1.36,5.0,7.5,1.36,4.8,8.5,1.41,5.4,9.0,1.38,5.1,8.37,0.7075180663256804,0.18409608232263425,0.10838585135210746
ENG-Premier League,2223,2023-05-13 Southampton-Fulham,2023-05-13 15:00:00,Southampton,Fulham,2.75,3.3,2.5,2.88,3.3,2.45,2.9,3.64,2.57,2.82,3.44,2.51,0.3399631249272165,0.27674730480136683,0.3832895702709633
ENG-Premier League,2223,2023-05-14 Arsenal-Brighton,2023-05-14 16:30:00,Arsenal,Brighton,1.73,4.2,4.2,1.73,4.0,4.33,1.81,4.5,4.35,1.77,4.19,4.21,0.5490496335826648,0.22603603081454868,0.2249143356023328
ENG-Premier League,2223,2023-05-14 Brentford-West Ham,2023-05-14 14:00:00,Brentford,West Ham,2.0,3.5,3.6,2.05,3.4,3.6,2.1,3.71,3.81,2.05,3.56,3.66,0.4723811854823408,0.2676060279682049,0.2600127865499087
ENG-Premier League,2223,2023-05-14 Everton-Manchester City,2023-05-14 14:00:00,Everton,Manchester City,9.0,4.75,1.36,9.0,4.8,1.35,10.0,5.7,1.39,8.86,5.21,1.36,0.10187748015633546,0.18001475105605058,0.7181077687871833
ENG-Premier League,2223,2023-05-15 Leicester City-Liverpool,2023-05-15 20:00:00,Leicester City,Liverpool,5.25,4.33,1.57,5.0,4.4,1.57,5.5,4.9,1.64,5.11,4.59,1.59,0.1831209111257641,0.20503946923253202,0.6118396196421256
ENG-Premier League,2223,2023-05-18 Newcastle Utd-Brighton,2023-05-18 19:30:00,Newcastle Utd,Brighton,2.0,3.8,3.5,2.0,3.7,3.4,2.07,4.0,3.65,2.02,3.86,3.49,0.4800186684999305,0.24639963118577285,0.2735817003138237
ENG-Premier League,2223,2023-05-20 Bournemouth-Manchester Utd,2023-05-20 15:00:00,Bournemouth,Manchester Utd,6.0,4.75,1.5,6.5,4.5,1.47,6.5,5.1,1.55,6.06,4.77,1.51,0.15436973331779666,0.19855074711315682,0.6470795195685904
ENG-Premier League,2223,2023-05-20 Fulham-Crystal Palace,2023-05-20 15:00:00,Fulham,Crystal Palace,2.45,3.4,2.9,2.38,3.3,3.0,2.51,3.52,3.11,2.45,3.4,2.97,0.3945742189584027,0.2816288236390641,0.3237969574030108
ENG-Premier League,2223,2023-05-20 Liverpool-Aston Villa,2023-05-20 15:00:00,Liverpool,Aston Villa,1.45,5.0,6.25,1.47,4.5,6.5,1.53,5.2,6.5,1.49,4.86,6.16,0.6549377490491286,0.19400991199201917,0.15105233895843226
ENG-Premier League,2223,2023-05-20 Nott'ham Forest-Arsenal,2023-05-20 17:30:00,Nott'ham Forest,Arsenal,5.25,4.33,1.57,5.5,4.33,1.55,5.6,4.6,1.7,5.37,4.45,1.59,0.1745142149185362,0.21260454708026533,0.6128812380007524
ENG-Premier League,2223,2023-05-20 Tottenham-Brentford,2023-05-20 12:30:00,Tottenham,Brentford,1.83,3.9,4.0,1.83,3.6,4.2,1.9,4.1,4.3,1.85,3.88,4.13,0.525150718484717,0.2451442354419429,0.2297050460737839
ENG-Premier League,2223,2023-05-20 Wolves-Everton,2023-05-20 15:00:00,Wolves,Everton,2.75,3.3,2.6,2.7,3.25,2.6,2.88,3.48,2.75,2.77,3.35,2.63,0.3476187155751583,0.2857332586501059,0.36664802577426037
ENG-Premier League,2223,2023-05-21 Brighton-Southampton,2023-05-21 14:00:00,Brighton,Southampton,1.22,7.0,11.0,1.22,6.0,13.0,1.25,7.6,13.5,1.23,6.91,12.43,0.7959124803050599,0.1337568241073631,0.07033069558722484
ENG-Premier League,2223,2023-05-21 Manchester City-Chelsea,2023-05-21 16:00:00,Manchester City,Chelsea,1.25,6.0,11.0,1.24,6.0,12.0,1.28,6.85,13.25,1.26,6.41,11.48,0.7773535986010819,0.14536227755205874,0.0772841238464755
ENG-Premier League,2223,2023-05-21 West Ham-Leeds United,2023-05-21 13:30:00,West Ham,Leeds United,2.4,3.5,2.88,2.4,3.4,2.88,2.55,3.72,2.93,2.45,3.56,2.84,0.3938164724499025,0.2678510555169212,0.3383324720336511
ENG-Premier League,2223,2023-05-22 Newcastle Utd-Leicester City,2023-05-22 20:00:00,Newcastle Utd,Leicester City,1.36,5.5,7.0,1.36,5.0,8.0,1.42,5.9,8.5,1.38,5.39,7.66,0.7073008212266187,0.17351615323624583,0.11918302553673374
ENG-Premier League,2223,2023-05-24 Brighton-Manchester City,2023-05-24 20:00:00,Brighton,Manchester City,4.0,4.33,1.75,3.9,4.0,1.8,4.22,4.5,1.85,3.97,4.22,1.81,0.23907047833902834,0.2243073882454487,0.5366221334150573
ENG-Premier League,2223,2023-05-25 Manchester Utd-Chelsea,2023-05-25 20:00:00,Manchester Utd,Chelsea,1.6,4.33,5.0,1.6,4.2,5.0,1.7,4.65,5.4,1.63,4.35,5.12,0.5980611479545489,0.2180791130989032,0.1838597389461157
ENG-Premier League,2223,2023-05-28 Arsenal-Wolves,2023-05-28 16:30:00,Arsenal,Wolves,1.36,5.25,8.0,1.3,4.75,7.0,1.43,5.7,8.5,1.37,5.33,7.87,0.7108957327388244,0.1744308644713768,0.11467340278940319
ENG-Premier League,2223,2023-05-28 Aston Villa-Brighton,2023-05-28 16:30:00,Aston Villa,Brighton,2.0,3.6,3.5,1.95,3.6,3.0,2.1,4.08,3.55,2.04,3.88,3.37,0.47375078926857733,0.24384380389875882,0.2824054068322123
ENG-Premier League,2223,2023-05-28 Brentford-Manchester City,2023-05-28 16:30:00,Brentford,Manchester City,3.8,4.0,1.83,3.5,3.7,1.75,4.05,4.3,1.92,3.88,4.01,1.87,0.2446942556477349,0.2364286728410025,0.5188770715108219
ENG-Premier League,2223,2023-05-28 Chelsea-Newcastle Utd,2023-05-28 16:30:00,Chelsea,Newcastle Utd,2.9,3.5,2.38,2.75,3.4,2.15,3.0,3.86,2.48,2.87,3.64,2.38,0.33397778034584613,0.26107017199903154,0.4049520476546774
ENG-Premier League,2223,2023-05-28 Crystal Palace-Nott'ham Forest,2023-05-28 16:30:00,Crystal Palace,Nott'ham Forest,1.67,4.0,5.0,1.62,3.7,4.2,1.74,4.4,5.0,1.69,4.15,4.77,0.5750744875721103,0.227949040024041,0.19697647240431562
ENG-Premier League,2223,2023-05-28 Everton-Bournemouth,2023-05-28 16:30:00,Everton,Bournemouth,1.5,4.5,6.5,1.36,4.2,6.5,1.53,5.0,7.25,1.49,4.61,6.58,0.6546108532255375,0.20480972293277852,0.1405794238412356
ENG-Premier League,2223,2023-05-28 Leeds United-Tottenham,2023-05-28 16:30:00,Leeds United,Tottenham,2.75,3.8,2.3,2.6,3.5,2.2,2.88,4.1,2.45,2.77,3.84,2.37,0.34640593631927347,0.2469044943372286,0.4066895693430505
ENG-Premier League,2223,2023-05-28 Leicester City-West Ham,2023-05-28 16:30:00,Leicester City,West Ham,1.91,3.8,3.6,1.85,3.6,3.3,2.0,4.2,3.82,1.94,3.92,3.65,0.4987900028629152,0.2412771213626072,0.2599328757740393
ENG-Premier League,2223,2023-05-28 Manchester Utd-Fulham,2023-05-28 16:30:00,Manchester Utd,Fulham,1.5,4.33,6.0,1.44,4.2,5.5,1.56,4.9,6.0,1.53,4.59,5.76,0.635207536814243,0.20425138323639658,0.1605410799497706
ENG-Premier League,2223,2023-05-28 Southampton-Liverpool,2023-05-28 16:30:00,Southampton,Liverpool,6.5,4.75,1.44,6.0,4.75,1.33,7.1,5.6,1.46,6.74,5.2,1.42,0.13563392489303489,0.17901202599675847,0.6853540491098015
